Rk,Player,Pos,Age,Tm,G,GS,MP,FG,FGA,FG%,3P,3PA,3P%,2P,2PA,2P%,eFG%,FT,FTA,FT%,ORB,DRB,TRB,AST,STL,BLK,TOV,PF,PTS,Player-additional\
1,Precious Achiuwa,C,23,TOR,42,11,947,156,325,0.48,21,80,0.263,135,245,0.551,0.512,75,108,0.694,81,184,265,42,26,26,49,85,408,achiupr01\
2,Steven Adams,C,29,MEM,42,42,1133,157,263,0.597,0,1,0,157,262,0.599,0.597,47,129,0.364,214,271,485,97,36,46,79,98,361,adamsst01\
3,Bam Adebayo,C,25,MIA,61,61,2137,509,943,0.54,1,12,0.083,508,931,0.546,0.54,276,341,0.809,154,434,588,200,75,50,153,172,1295,adebaba01\
4,Ochai Agbaji,SG,22,UTA,43,6,714,84,189,0.444,43,119,0.361,41,70,0.586,0.558,21,29,0.724,27,48,75,29,10,6,18,65,232,agbajoc01\
5,Santi Aldama,PF,22,MEM,61,18,1338,201,425,0.473,80,222,0.36,121,203,0.596,0.567,80,112,0.714,59,218,277,73,39,42,44,120,562,aldamsa01\
6,Nickeil Alexander-Walker,SG,24,TOT,44,3,661,104,220,0.473,48,114,0.421,56,106,0.528,0.582,31,46,0.674,11,64,75,88,27,18,49,69,287,alexani01\
6,Nickeil Alexander-Walker,SG,24,UTA,36,3,528,83,170,0.488,35,87,0.402,48,83,0.578,0.591,27,39,0.692,8,51,59,76,24,14,45,58,228,alexani01\
6,Nickeil Alexander-Walker,SG,24,MIN,8,0,133,21,50,0.42,13,27,0.481,8,23,0.348,0.55,4,7,0.571,3,13,16,12,3,4,4,11,59,alexani01\
7,Grayson Allen,SG,27,MIL,61,59,1692,212,473,0.448,126,306,0.412,86,167,0.515,0.581,98,109,0.899,55,146,201,145,50,10,63,104,648,allengr01\
8,Jarrett Allen,C,24,CLE,60,60,1981,362,557,0.65,1,9,0.111,361,548,0.659,0.651,144,198,0.727,186,397,583,98,49,70,85,134,869,allenja01\
9,Jose Alvarado,PG,24,NOP,61,10,1310,201,489,0.411,83,247,0.336,118,242,0.488,0.496,65,80,0.813,28,113,141,186,67,10,81,125,550,alvarjo01\
10,Kyle Anderson,PF,29,MIN,54,38,1436,177,347,0.51,33,76,0.434,144,271,0.531,0.558,88,117,0.752,42,225,267,224,62,47,76,112,475,anderky01\
11,Giannis Antetokounmpo,PF,28,MIL,52,52,1688,574,1065,0.539,42,150,0.28,532,915,0.581,0.559,431,659,0.654,117,503,620,285,38,42,205,170,1621,antetgi01\
12,Thanasis Antetokounmpo,SF,30,MIL,28,0,112,6,22,0.273,0,5,0,6,17,0.353,0.273,4,8,0.5,9,19,28,4,2,3,8,13,16,antetth01\
13,Cole Anthony,PG,22,ORL,46,3,1157,199,447,0.445,51,152,0.336,148,295,0.502,0.502,117,133,0.88,29,179,208,188,27,26,67,117,566,anthoco01\
14,OG Anunoby,SF,25,TOR,52,52,1862,312,691,0.452,97,272,0.357,215,419,0.513,0.522,125,151,0.828,77,199,276,103,101,39,112,159,846,anunoog01\
15,Ryan Arcidiacono,PG,28,TOT,14,1,69,4,14,0.286,4,9,0.444,0,5,0,0.429,0,0,,0,10,10,8,2,0,3,6,12,arcidry01\
15,Ryan Arcidiacono,PG,28,NYK,11,0,26,1,5,0.2,1,3,0.333,0,2,0,0.3,0,0,,0,4,4,2,2,0,1,3,3,arcidry01\
15,Ryan Arcidiacono,PG,28,POR,3,1,43,3,9,0.333,3,6,0.5,0,3,0,0.5,0,0,,0,6,6,6,0,0,2,3,9,arcidry01\
16,Deni Avdija,SF,22,WAS,63,34,1644,200,460,0.435,55,187,0.294,145,273,0.531,0.495,106,139,0.763,67,329,396,155,56,28,92,180,561,avdijde01\
17,Deandre Ayton,C,24,PHO,56,56,1701,446,753,0.592,7,23,0.304,439,730,0.601,0.597,125,169,0.74,153,419,572,108,32,43,104,163,1024,aytonde01\
18,Udoka Azubuike,C,23,UTA,26,0,153,24,29,0.828,0,0,,24,29,0.828,0.828,2,8,0.25,16,40,56,6,4,7,10,14,50,azubuud01\
19,Marvin Bagley III,C,23,DET,31,16,703,148,274,0.54,10,42,0.238,138,232,0.595,0.558,54,76,0.711,80,133,213,23,14,25,33,63,360,baglema01\
20,Patrick Baldwin Jr.,SF,20,GSW,22,0,187,38,91,0.418,29,70,0.414,9,21,0.429,0.577,4,6,0.667,1,32,33,6,6,2,9,10,109,baldwpa01\
21,LaMelo Ball,PG,21,CHO,36,36,1268,296,721,0.411,144,383,0.376,152,338,0.45,0.51,102,122,0.836,42,189,231,304,46,11,129,118,838,ballla01\
22,Mo Bamba,C,24,TOT,47,7,762,116,238,0.487,48,123,0.39,68,115,0.591,0.588,41,62,0.661,56,165,221,46,13,42,30,103,321,bambamo01\
22,Mo Bamba,C,24,ORL,40,6,681,106,214,0.495,43,108,0.398,63,106,0.594,0.596,35,51,0.686,47,137,184,42,12,38,22,86,290,bambamo01\
22,Mo Bamba,C,24,LAL,7,1,81,10,24,0.417,5,15,0.333,5,9,0.556,0.521,6,11,0.545,9,28,37,4,1,4,8,17,31,bambamo01\
23,Paolo Banchero,PF,20,ORL,59,59,1987,391,925,0.423,66,240,0.275,325,685,0.474,0.458,330,442,0.747,67,320,387,212,53,30,160,135,1178,banchpa01\
24,Desmond Bane,SG,24,MEM,42,42,1309,316,677,0.467,123,299,0.411,193,378,0.511,0.558,134,149,0.899,31,180,211,172,40,18,87,104,889,banede01\
25,Dalano Banton,PG,23,TOR,27,2,251,46,112,0.411,13,46,0.283,33,66,0.5,0.469,15,19,0.789,9,27,36,29,13,12,16,31,120,bantoda01\
26,Dominick Barlow,SF,19,SAS,14,0,154,17,33,0.515,0,4,0,17,29,0.586,0.515,10,13,0.769,19,18,37,9,3,4,8,25,44,barlodo01\
27,Harrison Barnes,PF,30,SAC,64,64,2101,296,624,0.474,106,283,0.375,190,341,0.557,0.559,268,318,0.843,63,238,301,105,47,10,72,83,966,barneha02\
28,Scottie Barnes,PF,21,TOR,63,62,2221,375,832,0.451,57,191,0.298,318,641,0.496,0.485,158,207,0.763,148,290,438,301,62,56,129,141,965,barnesc01\
29,RJ Barrett,SG,22,NYK,60,60,2053,419,972,0.431,106,325,0.326,313,647,0.484,0.486,238,318,0.748,53,258,311,168,28,10,135,154,1182,barrerj01\
30,Will Barton,SG,32,TOT,44,0,817,113,295,0.383,54,145,0.372,59,150,0.393,0.475,35,45,0.778,10,103,113,98,19,11,47,44,315,bartowi01\
30,Will Barton,SG,32,WAS,40,0,782,110,285,0.386,52,138,0.377,58,147,0.395,0.477,35,45,0.778,10,101,111,95,17,10,45,39,307,bartowi01\
30,Will Barton,SG,32,TOR,4,0,35,3,10,0.3,2,7,0.286,1,3,0.333,0.4,0,0,,0,2,2,3,2,1,2,5,8,bartowi01\
31,Charles Bassey,C,22,SAS,32,2,469,81,124,0.653,3,7,0.429,78,117,0.667,0.665,20,33,0.606,71,112,183,44,14,30,41,67,185,bassech01\
32,Keita Bates-Diop,SF,27,SAS,51,29,1085,162,333,0.486,30,88,0.341,132,245,0.539,0.532,80,101,0.792,51,123,174,68,37,16,39,54,434,bateske01\
33,Nicolas Batum,PF,34,LAC,63,12,1390,131,313,0.419,98,255,0.384,33,58,0.569,0.575,28,42,0.667,56,205,261,91,42,41,45,123,388,batumni01\
34,Darius Bazley,PF,22,TOT,37,1,562,72,160,0.45,18,46,0.391,54,114,0.474,0.506,36,65,0.554,29,96,125,33,20,30,22,38,198,bazleda01\
34,Darius Bazley,PF,22,OKC,36,1,555,71,158,0.449,18,45,0.4,53,113,0.469,0.506,36,65,0.554,29,93,122,32,19,29,22,35,196,bazleda01\
34,Darius Bazley,PF,22,PHO,1,0,7,1,2,0.5,0,1,0,1,1,1,0.5,0,0,,0,3,3,1,1,1,0,3,2,bazleda01\
35,Bradley Beal,SG,29,WAS,43,43,1440,387,758,0.511,72,193,0.373,315,565,0.558,0.558,156,187,0.834,36,128,164,233,36,28,124,83,1002,bealbr01\
36,Malik Beasley,SG,26,TOT,65,21,1737,310,786,0.394,196,550,0.356,114,236,0.483,0.519,42,52,0.808,30,205,235,110,56,8,73,95,858,beaslma01\
36,Malik Beasley,SG,26,UTA,55,13,1472,265,669,0.396,169,471,0.359,96,198,0.485,0.522,37,44,0.841,27,170,197,93,44,8,60,75,736,beaslma01\
36,Malik Beasley,SG,26,LAL,10,8,265,45,117,0.385,27,79,0.342,18,38,0.474,0.5,5,8,0.625,3,35,38,17,12,0,13,20,122,beaslma01\
37,MarJon Beauchamp,SF,22,MIL,41,9,576,80,205,0.39,38,120,0.317,42,85,0.494,0.483,21,29,0.724,34,58,92,26,18,4,37,60,219,beaucma01\
38,D\uc0\u257 vis Bert\u257 ns,PF,30,DAL,34,0,360,47,111,0.423,37,97,0.381,10,14,0.714,0.59,10,12,0.833,6,26,32,12,7,3,9,39,141,bertada01\
39,Patrick Beverley,PG,34,TOT,51,51,1383,107,264,0.405,58,172,0.337,49,92,0.533,0.515,44,61,0.721,32,143,175,142,44,29,48,139,316,beverpa01\
39,Patrick Beverley,PG,34,LAL,45,45,1211,97,241,0.402,55,158,0.348,42,83,0.506,0.517,39,50,0.78,24,116,140,118,40,25,42,124,288,beverpa01\
39,Patrick Beverley,PG,34,CHI,6,6,172,10,23,0.435,3,14,0.214,7,9,0.778,0.5,5,11,0.455,8,27,35,24,4,4,6,15,28,beverpa01\
40,Saddiq Bey,SF,23,TOT,60,32,1717,278,673,0.413,122,334,0.365,156,339,0.46,0.504,190,220,0.864,71,207,278,94,56,13,60,101,868,beysa01\
40,Saddiq Bey,SF,23,DET,52,30,1500,245,606,0.404,101,293,0.345,144,313,0.46,0.488,180,209,0.861,59,183,242,84,50,12,54,86,771,beysa01\
40,Saddiq Bey,SF,23,ATL,8,2,217,33,67,0.493,21,41,0.512,12,26,0.462,0.649,10,11,0.909,12,24,36,10,6,1,6,15,97,beysa01\
41,Khem Birch,C,30,TOR,20,0,162,19,32,0.594,1,2,0.5,18,30,0.6,0.609,4,5,0.8,8,17,25,7,5,5,8,24,43,birchkh01\
42,Goga Bitadze,C,23,TOT,25,0,242,38,68,0.559,5,17,0.294,33,51,0.647,0.596,13,26,0.5,32,35,67,21,10,10,12,38,94,bitadgo01\
42,Goga Bitadze,C,23,IND,21,0,202,27,52,0.519,4,14,0.286,23,38,0.605,0.558,11,24,0.458,25,24,49,18,9,10,12,34,69,bitadgo01\
42,Goga Bitadze,C,23,ORL,4,0,40,11,16,0.688,1,3,0.333,10,13,0.769,0.719,2,2,1,7,11,18,3,1,0,0,4,25,bitadgo01\
43,Bismack Biyombo,C,30,PHO,46,9,642,79,138,0.572,0,0,,79,138,0.572,0.572,16,51,0.314,51,136,187,43,15,59,43,84,174,biyombi01\
44,Buddy Boeheim,PG,23,DET,2,0,7,1,3,0.333,1,3,0.333,0,0,,0.5,0,0,,0,1,1,0,0,0,0,0,3,boehebu01\
45,Bogdan Bogdanovi\uc0\u263 ,SG,30,ATL,40,5,1158,209,477,0.438,110,274,0.401,99,203,0.488,0.553,47,59,0.797,15,112,127,116,34,14,50,69,575,bogdabo01\
46,Bojan Bogdanovi\uc0\u263 ,PF,33,DET,59,59,1893,430,882,0.488,145,353,0.411,285,529,0.539,0.57,268,303,0.884,36,187,223,152,34,8,135,113,1273,bogdabo02\
47,Bol Bol,PF,23,ORL,61,32,1362,244,428,0.57,29,93,0.312,215,335,0.642,0.604,70,94,0.745,66,299,365,55,25,80,102,81,587,bolbo01\
48,Leandro Bolmaro,SG,22,UTA,14,0,68,3,20,0.15,0,4,0,3,16,0.188,0.15,0,0,,4,3,7,7,3,1,7,10,6,bolmale01\
49,Devin Booker,SG,26,PHO,38,38,1301,375,779,0.481,85,236,0.36,290,543,0.534,0.536,199,238,0.836,33,143,176,222,31,15,91,106,1034,bookede01\
50,Brandon Boston Jr.,SG,21,LAC,21,1,247,51,121,0.421,12,29,0.414,39,92,0.424,0.471,29,38,0.763,7,22,29,19,9,0,12,21,143,bostobr01\
51,Chris Boucher,PF,30,TOR,60,0,1221,209,423,0.494,51,154,0.331,158,269,0.587,0.554,107,145,0.738,130,214,344,26,40,51,31,116,576,bouchch01\
52,James Bouknight,SG,22,CHO,26,0,354,40,122,0.328,16,64,0.25,24,58,0.414,0.393,15,22,0.682,5,46,51,28,13,4,19,29,111,bouknja01\
53,Jamaree Bouyea,PG,23,MIA,4,0,65,6,13,0.462,2,5,0.4,4,8,0.5,0.538,1,2,0.5,1,4,5,4,4,2,4,5,15,bouyeja01\
54,Tony Bradley,C,25,CHI,12,0,33,6,12,0.5,3,5,0.6,3,7,0.429,0.625,4,4,1,1,10,11,1,1,1,1,2,19,bradlto01\
55,Malaki Branham,SF,19,SAS,50,17,1130,187,418,0.447,56,179,0.313,131,239,0.548,0.514,40,50,0.8,20,100,120,100,27,7,56,84,470,branhma01\
56,Christian Braun,SG,21,DEN,59,3,871,101,201,0.502,25,64,0.391,76,137,0.555,0.565,26,43,0.605,39,96,135,45,26,11,26,70,253,braunch01\
57,Mikal Bridges,SF,26,TOT,66,66,2389,444,935,0.475,127,315,0.403,317,620,0.511,0.543,215,238,0.903,70,226,296,234,76,53,93,134,1230,bridgmi01\
57,Mikal Bridges,SF,26,PHO,56,56,2040,354,764,0.463,101,261,0.387,253,503,0.503,0.529,156,174,0.897,56,187,243,201,65,45,78,115,965,bridgmi01\
57,Mikal Bridges,SF,26,BRK,10,10,349,90,171,0.526,26,54,0.481,64,117,0.547,0.602,59,64,0.922,14,39,53,33,11,8,15,19,265,bridgmi01\
58,Oshae Brissett,SF,24,IND,51,1,817,92,230,0.4,42,124,0.339,50,106,0.472,0.491,62,89,0.697,46,124,170,28,28,8,21,67,288,brissos01\
59,Malcolm Brogdon,PG,30,BOS,55,0,1408,285,582,0.49,112,243,0.461,173,339,0.51,0.586,130,146,0.89,34,194,228,203,34,16,87,91,812,brogdma01\
60,Dillon Brooks,SF,27,MEM,58,58,1755,313,808,0.387,108,339,0.319,205,469,0.437,0.454,100,126,0.794,37,151,188,143,49,11,85,193,834,brookdi01\
61,Bruce Brown,SG,26,DEN,64,28,1817,281,584,0.481,83,222,0.374,198,362,0.547,0.552,70,96,0.729,45,206,251,220,67,39,100,147,715,brownbr01\
62,Greg Brown III,PF,21,POR,16,0,93,11,28,0.393,1,7,0.143,10,21,0.476,0.411,5,12,0.417,2,17,19,3,4,5,6,13,28,browngr01\
63,Jaylen Brown,SF,26,BOS,54,54,1960,539,1109,0.486,134,400,0.335,405,709,0.571,0.546,227,294,0.772,67,313,380,179,64,25,165,146,1439,brownja02\
64,Kendall Brown,SG,19,IND,6,0,40,4,7,0.571,0,1,0,4,6,0.667,0.571,1,2,0.5,2,4,6,3,4,0,2,9,9,brownke03\
65,Moses Brown,C,23,LAC,34,1,288,61,96,0.635,0,0,,61,96,0.635,0.635,33,72,0.458,57,82,139,4,3,14,14,38,155,brownmo01\
66,Sterling Brown,SG,27,LAL,4,0,24,0,4,0,0,2,0,0,2,0,0,0,0,,3,5,8,2,3,0,0,4,0,brownst02\
67,Troy Brown Jr.,SF,23,LAL,60,36,1477,164,375,0.437,82,218,0.376,82,157,0.522,0.547,29,31,0.935,56,199,255,69,46,10,42,94,439,browntr01\
68,Jalen Brunson,PG,26,NYK,61,61,2146,519,1066,0.487,117,285,0.411,402,781,0.515,0.542,300,360,0.833,37,183,220,378,55,15,123,138,1455,brunsja01\
69,Thomas Bryant,C,25,TOT,50,25,988,211,332,0.636,22,51,0.431,189,281,0.673,0.669,92,125,0.736,78,240,318,29,16,28,34,92,536,bryanth01\
69,Thomas Bryant,C,25,LAL,41,25,876,197,301,0.654,22,50,0.44,175,251,0.697,0.691,80,108,0.741,67,212,279,29,14,23,28,77,496,bryanth01\
69,Thomas Bryant,C,25,DEN,9,0,112,14,31,0.452,0,1,0,14,30,0.467,0.452,12,17,0.706,11,28,39,0,2,5,6,15,40,bryanth01\
70,Reggie Bullock,SF,31,DAL,64,41,1940,153,382,0.401,122,323,0.378,31,59,0.525,0.56,24,35,0.686,30,191,221,87,49,13,30,146,452,bullore01\
71,Alec Burks,SG,31,DET,51,8,1122,200,459,0.436,99,239,0.414,101,220,0.459,0.544,153,188,0.814,19,139,158,114,38,8,58,98,652,burksal01\
72,Deonte Burton,SG,29,SAC,2,0,6,0,2,0,0,1,0,0,1,0,0,0,0,,0,0,0,0,0,0,0,0,0,burtode02\
73,Jared Butler,SG,22,OKC,1,0,4,0,1,0,0,0,,0,1,0,0,0,0,,0,1,1,0,0,0,0,0,0,butleja02\
74,Jimmy Butler,SF,33,MIA,51,51,1696,366,702,0.521,27,81,0.333,339,621,0.546,0.541,360,424,0.849,118,193,311,263,98,16,87,64,1119,butleji01\
75,John Butler,C,20,POR,9,0,30,1,5,0.2,0,4,0,1,1,1,0.2,0,0,,1,1,2,1,1,3,0,2,2,butlejo01\
76,Jamal Cain,SF,23,MIA,14,0,186,26,50,0.52,2,12,0.167,24,38,0.632,0.54,12,16,0.75,12,27,39,9,8,0,4,15,66,cainja01\
77,Kentavious Caldwell-Pope,SG,29,DEN,62,62,1953,250,525,0.476,117,264,0.443,133,261,0.51,0.588,85,102,0.833,29,146,175,152,88,27,74,127,702,caldwke01\
78,Facundo Campazzo,PG,31,DAL,8,0,52,3,13,0.231,3,11,0.273,0,2,0,0.346,1,2,0.5,0,2,2,9,6,0,3,3,10,campafa01\
79,Vlatko \uc0\u268 an\u269 ar,PF,25,DEN,48,8,794,102,205,0.498,42,102,0.412,60,103,0.583,0.6,30,32,0.938,22,92,114,73,18,12,32,75,276,cancavl01\
80,Clint Capela,C,28,ATL,49,47,1316,269,422,0.637,0,1,0,269,421,0.639,0.637,53,92,0.576,207,347,554,44,34,60,40,107,591,capelca01\
81,Vernon Carey Jr.,C,21,WAS,11,0,28,2,8,0.25,0,0,,2,8,0.25,0.25,2,2,1,3,8,11,3,2,2,2,5,6,careyve01\
82,Jevon Carter,PG,27,MIL,65,34,1471,192,439,0.437,108,252,0.429,84,187,0.449,0.56,29,36,0.806,30,144,174,160,61,26,69,131,521,carteje01\
83,Wendell Carter Jr.,C,23,ORL,44,41,1303,242,468,0.517,54,157,0.344,188,311,0.605,0.575,124,167,0.743,99,287,386,108,17,25,96,131,662,cartewe01\
84,Alex Caruso,PG,28,CHI,55,24,1329,104,235,0.443,46,125,0.368,58,110,0.527,0.54,55,67,0.821,33,139,172,172,87,34,70,137,309,carusal01\
85,Julian Champagnie,SF,21,TOT,4,0,31,5,11,0.455,3,8,0.375,2,3,0.667,0.591,0,0,,1,4,5,1,1,0,0,1,13,champju02\
85,Julian Champagnie,SF,21,PHI,2,0,7,0,2,0,0,1,0,0,1,0,0,0,0,,0,0,0,0,1,0,0,0,0,champju02\
85,Julian Champagnie,SF,21,SAS,2,0,24,5,9,0.556,3,7,0.429,2,2,1,0.722,0,0,,1,4,5,1,0,0,0,1,13,champju02\
86,Justin Champagnie,SF,21,TOR,3,0,11,3,3,1,0,0,,3,3,1,1,0,0,,1,3,4,1,0,0,0,1,6,champju01\
87,Kennedy Chandler,PG,20,MEM,27,0,229,27,68,0.397,2,14,0.143,25,54,0.463,0.412,5,11,0.455,7,25,32,47,11,5,16,13,61,chandke01\
88,Max Christie,SG,19,LAL,37,3,506,44,105,0.419,26,62,0.419,18,43,0.419,0.543,14,16,0.875,7,67,74,19,9,7,13,33,128,chrisma02\
89,Josh Christopher,SG,21,HOU,47,1,532,97,212,0.458,14,57,0.246,83,155,0.535,0.491,32,43,0.744,12,40,52,49,19,12,44,41,240,chrisjo01\
90,Brandon Clarke,PF,26,MEM,56,8,1090,229,349,0.656,1,6,0.167,228,343,0.665,0.658,99,137,0.723,92,218,310,72,34,37,55,131,558,clarkbr01\
91,Jordan Clarkson,SG,30,UTA,61,61,1988,458,1031,0.444,155,459,0.338,303,572,0.53,0.519,200,245,0.816,72,174,246,270,33,13,186,120,1271,clarkjo01\
92,Nic Claxton,C,23,BRK,61,61,1782,325,459,0.708,0,2,0,325,457,0.711,0.708,103,201,0.512,143,414,557,106,50,157,79,169,753,claxtni01\
93,Amir Coffey,SG,25,LAC,43,9,591,54,141,0.383,10,38,0.263,44,103,0.427,0.418,45,57,0.789,17,35,52,51,7,3,18,50,163,coffeam01\
94,John Collins,PF,25,ATL,55,55,1666,278,545,0.51,43,173,0.249,235,372,0.632,0.55,111,136,0.816,58,309,367,64,34,63,65,176,710,collijo01\
95,Zach Collins,C,25,SAS,53,16,1156,214,414,0.517,36,101,0.356,178,313,0.569,0.56,84,112,0.75,97,225,322,144,28,36,100,168,548,colliza01\
96,Mike Conley,PG,35,TOT,52,51,1547,185,453,0.408,95,260,0.365,90,193,0.466,0.513,91,110,0.827,21,111,132,374,55,11,85,105,556,conlemi01\
96,Mike Conley,PG,35,UTA,43,42,1276,153,375,0.408,77,213,0.362,76,162,0.469,0.511,78,96,0.813,17,90,107,330,44,10,74,94,461,conlemi01\
96,Mike Conley,PG,35,MIN,9,9,271,32,78,0.41,18,47,0.383,14,31,0.452,0.526,13,14,0.929,4,21,25,44,11,1,11,11,95,conlemi01\
97,Pat Connaughton,SG,30,MIL,47,29,1165,133,346,0.384,91,267,0.341,42,79,0.532,0.516,23,35,0.657,37,197,234,61,31,6,27,51,380,connapa01\
98,Robert Covington,PF,32,LAC,38,0,622,76,183,0.415,39,114,0.342,37,69,0.536,0.522,25,34,0.735,25,113,138,47,27,29,23,72,216,covinro01\
99,Torrey Craig,SF,32,PHO,62,49,1572,181,402,0.45,80,200,0.4,101,202,0.5,0.55,27,37,0.73,126,223,349,95,42,39,62,147,469,craigto01\
100,Jae Crowder,SF,32,MIL,7,0,127,15,31,0.484,8,21,0.381,7,10,0.7,0.613,5,7,0.714,5,18,23,9,5,2,3,14,43,crowdja01\
101,Jarrett Culver,SG,23,ATL,10,1,137,17,43,0.395,1,12,0.083,16,31,0.516,0.407,9,13,0.692,10,28,38,6,6,2,7,14,44,culveja01\
102,Cade Cunningham,PG,21,DET,12,12,400,93,224,0.415,17,61,0.279,76,163,0.466,0.453,36,43,0.837,12,62,74,72,10,7,39,34,239,cunnica01\
103,Seth Curry,SG,32,BRK,47,6,1022,174,379,0.459,78,198,0.394,96,181,0.53,0.562,41,42,0.976,12,73,85,90,33,7,47,81,467,curryse01\
104,Stephen Curry,PG,34,GSW,40,40,1380,394,794,0.496,200,462,0.433,194,332,0.584,0.622,198,214,0.925,23,226,249,257,38,15,130,89,1186,curryst01\
105,Dyson Daniels,PG,19,NOP,43,11,818,71,160,0.444,20,63,0.317,51,97,0.526,0.506,19,31,0.613,29,113,142,99,35,11,43,79,181,daniedy01\
106,Anthony Davis,C,29,LAL,41,39,1371,405,720,0.563,17,64,0.266,388,656,0.591,0.574,260,321,0.81,135,377,512,104,43,86,96,110,1087,davisan02\
107,Johnny Davis,SG,20,WAS,13,0,62,6,18,0.333,1,4,0.25,5,14,0.357,0.361,3,3,1,1,7,8,2,1,1,2,13,16,davisjo06\
108,Terence Davis,SG,25,SAC,51,4,683,125,286,0.437,69,186,0.371,56,100,0.56,0.558,31,35,0.886,18,99,117,59,37,12,44,90,350,daviste02\
109,JD Davison,PG,20,BOS,6,0,14,2,8,0.25,0,3,0,2,5,0.4,0.25,0,0,,0,2,2,1,1,0,1,0,4,davisjd01\
110,Darius Days,PF,23,HOU,4,0,25,5,12,0.417,3,10,0.3,2,2,1,0.542,2,2,1,1,5,6,1,0,1,0,2,15,daysda01\
111,Dewayne Dedmon,C,33,MIA,30,0,350,64,129,0.496,11,37,0.297,53,92,0.576,0.539,32,44,0.727,28,81,109,16,7,14,19,61,171,dedmode01\
112,Matthew Dellavedova,PG,32,SAC,27,0,178,13,41,0.317,7,22,0.318,6,19,0.316,0.402,4,7,0.571,1,10,11,36,6,0,10,17,37,dellama01\
113,DeMar DeRozan,SF,33,CHI,59,59,2133,537,1048,0.512,29,93,0.312,508,955,0.532,0.526,375,430,0.872,27,238,265,298,57,30,129,159,1478,derozde01\
114,Moussa Diabat\'e9,PF,21,LAC,18,1,172,21,40,0.525,1,2,0.5,20,38,0.526,0.538,10,16,0.625,29,16,45,3,5,6,9,13,53,diabamo01\
115,Mamadi Diakite,PF,26,CLE,16,2,98,11,26,0.423,4,15,0.267,7,11,0.636,0.5,0,0,,3,9,12,2,2,6,6,13,26,diakima01\
116,Hamidou Diallo,SG,24,DET,56,0,996,215,375,0.573,5,21,0.238,210,354,0.593,0.58,87,148,0.588,57,137,194,55,53,16,71,124,522,diallha01\
117,Gorgui Dieng,C,33,SAS,22,1,213,26,67,0.388,12,46,0.261,14,21,0.667,0.478,5,6,0.833,19,38,57,30,3,8,18,31,69,dienggo01\
118,Ousmane Dieng,SF,19,OKC,22,0,344,44,98,0.449,17,55,0.309,27,43,0.628,0.536,6,11,0.545,12,50,62,28,9,6,13,25,111,diengou01\
119,Spencer Dinwiddie,PG,29,TOT,64,64,2180,379,844,0.449,160,411,0.389,219,433,0.506,0.544,216,261,0.828,23,183,206,351,52,20,115,149,1134,dinwisp01\
119,Spencer Dinwiddie,PG,29,DAL,53,53,1808,316,694,0.455,138,341,0.405,178,353,0.504,0.555,170,207,0.821,19,144,163,279,39,16,90,124,940,dinwisp01\
119,Spencer Dinwiddie,PG,29,BRK,11,11,372,63,150,0.42,22,70,0.314,41,80,0.513,0.493,46,54,0.852,4,39,43,72,13,4,25,25,194,dinwisp01\
120,Donte DiVincenzo,SG,26,GSW,56,21,1473,178,414,0.43,119,290,0.41,59,124,0.476,0.574,43,51,0.843,59,189,248,191,76,9,82,104,518,divindo01\
121,Luka Dončić,PG,23,DAL,56,56,2040,625,1243,0.503,157,448,0.35,468,795,0.589,0.566,457,621,0.736,48,440,488,450,82,28,208,148,1864,doncilu01\
122,Tyler Dorsey,SG,26,DAL,3,0,8,4,5,0.8,1,2,0.5,3,3,1,0.9,0,0,,1,1,2,0,0,0,0,0,9,dorsety01\
123,Luguentz Dort,SG,23,OKC,58,57,1756,277,690,0.401,108,316,0.342,169,374,0.452,0.48,155,202,0.767,90,162,252,127,60,17,78,189,817,dortlu01\
124,Ayo Dosunmu,SG,23,CHI,63,49,1734,236,473,0.499,49,155,0.316,187,318,0.588,0.551,56,70,0.8,42,151,193,172,45,21,85,157,577,dosunay01\
125,Devon Dotson,PG,23,WAS,6,0,53,1,10,0.1,1,4,0.25,0,6,0,0.15,0,0,,6,4,10,8,5,0,3,9,3,dotsode01\
126,Jeff Dowtin,PG,25,TOR,18,0,159,19,43,0.442,3,11,0.273,16,32,0.5,0.477,3,4,0.75,6,11,17,17,4,1,5,10,44,dowtije01\
127,PJ Dozier,SG,26,SAC,8,0,14,2,6,0.333,1,4,0.25,1,2,0.5,0.417,0,0,,0,3,3,0,3,0,0,1,5,doziepj01\
128,Goran Dragi\uc0\u263 ,PG,36,CHI,51,0,787,127,299,0.425,45,128,0.352,82,171,0.48,0.5,27,41,0.659,13,56,69,139,11,4,56,63,326,dragigo01\
129,Andre Drummond,C,29,CHI,52,0,674,136,222,0.613,0,2,0,136,220,0.618,0.613,51,96,0.531,111,239,350,29,34,17,61,97,323,drumman01\
130,Chris Duarte,SF,25,IND,42,10,811,114,302,0.377,50,157,0.318,64,145,0.441,0.46,56,67,0.836,16,89,105,60,21,8,37,61,334,duartch01\
131,David Duke Jr.,SG,23,BRK,17,0,146,22,50,0.44,0,6,0,22,44,0.5,0.44,5,9,0.556,6,9,15,14,6,1,13,25,49,dukeda01\
132,Kris Dunn,PG,28,UTA,6,0,140,32,59,0.542,7,16,0.438,25,43,0.581,0.602,5,7,0.714,4,21,25,26,10,3,8,18,76,dunnkr01\
133,Kevin Durant,PF-SF,34,TOT,42,42,1501,439,776,0.566,78,202,0.386,361,574,0.629,0.616,282,303,0.931,15,269,284,218,33,61,142,97,1238,duranke01\
133,Kevin Durant,PF,34,BRK,39,39,1403,410,734,0.559,71,189,0.376,339,545,0.622,0.607,267,286,0.934,14,248,262,207,32,57,136,92,1158,duranke01\
133,Kevin Durant,SF,34,PHO,3,3,98,29,42,0.69,7,13,0.538,22,29,0.759,0.774,15,17,0.882,1,21,22,11,1,4,6,5,80,duranke01\
134,Jalen Duren,C,19,DET,52,27,1305,187,290,0.645,0,1,0,187,289,0.647,0.645,69,113,0.611,172,282,454,55,32,46,63,141,443,durenja01\
135,Tari Eason,PF,21,HOU,65,3,1321,230,507,0.454,46,129,0.357,184,378,0.487,0.499,89,119,0.748,149,223,372,66,75,38,73,147,595,easonta01\
136,Anthony Edwards,SG,21,MIN,67,67,2432,599,1305,0.459,181,491,0.369,418,814,0.514,0.528,276,357,0.773,39,354,393,300,111,46,229,169,1655,edwaran01\
137,Kessler Edwards,SF,22,TOT,17,1,107,7,30,0.233,3,15,0.2,4,15,0.267,0.283,1,2,0.5,7,12,19,5,4,1,4,4,18,edwarke02\
137,Kessler Edwards,SF,22,BRK,14,1,79,6,24,0.25,2,12,0.167,4,12,0.333,0.292,1,2,0.5,6,8,14,2,3,1,4,3,15,edwarke02\
137,Kessler Edwards,SF,22,SAC,3,0,28,1,6,0.167,1,3,0.333,0,3,0,0.25,0,0,,1,4,5,3,1,0,0,1,3,edwarke02\
138,Keon Ellis,SG,23,SAC,10,0,36,6,10,0.6,5,8,0.625,1,2,0.5,0.85,2,3,0.667,3,4,7,3,2,1,1,6,19,elliske01\
139,Joel Embiid,C,28,PHI,52,52,1821,573,1068,0.537,58,160,0.363,515,908,0.567,0.564,527,614,0.858,92,434,526,214,58,82,181,169,1731,embiijo01\
140,Drew Eubanks,C,25,POR,63,20,1250,160,233,0.687,3,7,0.429,157,226,0.695,0.693,64,98,0.653,101,218,319,77,31,74,49,141,387,eubandr01\
141,Bruno Fernando,C,24,TOT,33,4,370,50,96,0.521,0,1,0,50,95,0.526,0.521,30,44,0.682,49,75,124,31,6,31,22,69,130,fernabr01\
141,Bruno Fernando,C,24,HOU,31,4,364,48,93,0.516,0,1,0,48,92,0.522,0.516,30,44,0.682,48,74,122,30,6,31,20,68,126,fernabr01\
141,Bruno Fernando,C,24,ATL,2,0,6,2,3,0.667,0,0,,2,3,0.667,0.667,0,0,,1,1,2,1,0,0,2,1,4,fernabr01\
142,Dorian Finney-Smith,PF,29,TOT,51,51,1610,157,394,0.398,90,272,0.331,67,122,0.549,0.513,34,46,0.739,85,165,250,79,43,25,48,108,438,finnedo01\
142,Dorian Finney-Smith,PF,29,DAL,40,40,1288,129,310,0.416,77,217,0.355,52,93,0.559,0.54,30,40,0.75,67,121,188,59,38,20,36,80,365,finnedo01\
142,Dorian Finney-Smith,PF,29,BRK,11,11,322,28,84,0.333,13,55,0.236,15,29,0.517,0.411,4,6,0.667,18,44,62,20,5,5,12,28,73,finnedo01\
143,Malachi Flynn,PG,24,TOR,43,1,591,74,200,0.37,42,111,0.378,32,89,0.36,0.475,17,24,0.708,15,50,65,64,17,3,18,56,207,flynnma01\
144,Simone Fontecchio,SF,27,UTA,37,1,417,51,154,0.331,32,104,0.308,19,50,0.38,0.435,19,26,0.731,17,27,44,24,6,7,23,38,153,fontesi01\
145,Bryn Forbes,SG,29,MIN,25,0,268,30,83,0.361,14,46,0.304,16,37,0.432,0.446,15,15,1,4,11,15,17,7,2,12,22,89,forbebr01\
146,Trent Forrest,PG,24,ATL,18,3,239,24,50,0.48,0,2,0,24,48,0.5,0.48,2,3,0.667,5,24,29,31,6,2,10,16,50,forretr01\
147,Michael Foster Jr.,PF,20,PHI,1,0,1,0,0,,0,0,,0,0,,,0,0,,0,0,0,0,0,0,0,0,0,fostemi02\
148,Evan Fournier,SG,30,NYK,23,7,414,53,151,0.351,33,102,0.324,20,49,0.408,0.46,18,21,0.857,4,41,45,35,14,3,19,43,157,fournev01\
149,De'Aaron Fox,PG,25,SAC,57,57,1948,541,1051,0.515,88,270,0.326,453,781,0.58,0.557,285,361,0.789,29,214,243,359,65,18,152,141,1455,foxde01\
150,Markelle Fultz,PG,24,ORL,45,45,1330,248,490,0.506,18,60,0.3,230,430,0.535,0.524,87,110,0.791,54,128,182,246,68,16,106,95,601,fultzma01\
151,Wenyen Gabriel,PF,25,LAL,52,2,773,128,209,0.612,9,30,0.3,119,179,0.665,0.634,39,63,0.619,83,120,203,22,17,26,35,113,304,gabriwe01\
152,Daniel Gafford,C,24,WAS,63,32,1231,223,298,0.748,0,0,,223,298,0.748,0.748,97,151,0.642,128,215,343,59,25,80,64,145,543,gaffoda01\
153,Darius Garland,PG,23,CLE,57,57,2003,433,920,0.471,150,350,0.429,283,570,0.496,0.552,233,272,0.857,24,130,154,452,75,7,165,122,1249,garlada01\
154,Usman Garuba,PF,20,HOU,58,1,772,74,137,0.54,21,38,0.553,53,99,0.535,0.617,25,42,0.595,94,160,254,53,39,26,37,102,194,garubus01\
155,Luka Garza,C,24,MIN,24,0,214,55,103,0.534,13,36,0.361,42,67,0.627,0.597,40,50,0.8,29,28,57,15,2,2,11,36,163,garzalu01\
156,Rudy Gay,PF,36,UTA,50,0,729,95,248,0.383,26,110,0.236,69,138,0.5,0.435,37,42,0.881,32,121,153,51,18,17,33,63,253,gayru01\
157,Paul George,SG,32,LAC,50,50,1713,404,879,0.46,145,385,0.377,259,494,0.524,0.542,233,265,0.879,38,273,311,259,71,17,160,139,1186,georgpa01\
158,Taj Gibson,C,37,WAS,40,2,397,55,104,0.529,4,19,0.211,51,85,0.6,0.548,24,36,0.667,28,54,82,29,13,10,21,73,138,gibsota01\
159,Josh Giddey,SG,20,OKC,60,60,1853,423,867,0.488,56,179,0.313,367,688,0.533,0.52,77,102,0.755,120,346,466,374,45,27,177,123,979,giddejo01\
160,Shai Gilgeous-Alexander,PG,24,OKC,56,56,1991,577,1132,0.51,50,146,0.342,527,986,0.534,0.532,541,597,0.906,50,216,266,317,94,59,163,153,1745,gilgesh01\
161,Anthony Gill,PF,30,WAS,44,5,445,52,89,0.584,3,21,0.143,49,68,0.721,0.601,31,39,0.795,26,40,66,21,5,8,10,54,138,gillan01\
162,Rudy Gobert,C,30,MIN,55,55,1666,284,424,0.67,0,3,0,284,421,0.675,0.67,172,261,0.659,173,461,634,50,43,75,96,164,740,goberru01\
163,Jordan Goodwin,PG,24,WAS,46,4,829,108,237,0.456,27,73,0.37,81,164,0.494,0.513,37,49,0.755,45,109,154,118,45,22,42,77,280,goodwjo01\
164,Aaron Gordon,PF,27,DEN,53,53,1591,343,588,0.583,50,135,0.37,293,453,0.647,0.626,161,255,0.631,129,231,360,156,42,40,81,102,897,gordoaa01\
165,Eric Gordon,SG,34,TOT,55,49,1615,237,538,0.441,98,278,0.353,139,260,0.535,0.532,125,153,0.817,13,98,111,155,35,21,88,58,697,gordoer01\
165,Eric Gordon,SG,34,HOU,47,47,1418,210,478,0.439,85,245,0.347,125,233,0.536,0.528,110,135,0.815,12,85,97,136,30,17,83,45,615,gordoer01\
165,Eric Gordon,SG,34,LAC,8,2,197,27,60,0.45,13,33,0.394,14,27,0.519,0.558,15,18,0.833,1,13,14,19,5,4,5,13,82,gordoer01\
166,Devonte' Graham,PG,27,TOT,63,3,1088,129,347,0.372,99,277,0.357,30,70,0.429,0.514,77,99,0.778,18,80,98,159,36,14,37,64,434,grahade01\
166,Devonte' Graham,PG,27,NOP,53,0,811,85,231,0.368,66,190,0.347,19,41,0.463,0.511,44,59,0.746,12,60,72,116,30,10,27,48,280,grahade01\
166,Devonte' Graham,PG,27,SAS,10,3,277,44,116,0.379,33,87,0.379,11,29,0.379,0.522,33,40,0.825,6,20,26,43,6,4,10,16,154,grahade01\
167,Jerami Grant,PF,28,POR,60,60,2152,419,881,0.476,138,343,0.402,281,538,0.522,0.554,270,330,0.818,50,215,265,144,49,53,112,147,1246,grantje01\
168,A.J. Green,SG,23,MIL,30,0,290,48,108,0.444,39,90,0.433,9,18,0.5,0.625,4,4,1,5,30,35,19,6,0,8,29,139,greenaj01\
169,Danny Green,SG,35,TOT,7,0,80,8,21,0.381,8,17,0.471,0,4,0,0.571,1,1,1,1,4,5,2,3,1,6,9,25,greenda02\
169,Danny Green,SG,35,MEM,3,0,43,3,11,0.273,3,8,0.375,0,3,0,0.409,0,0,,1,3,4,2,1,0,3,6,9,greenda02\
169,Danny Green,SG,35,CLE,4,0,37,5,10,0.5,5,9,0.556,0,1,0,0.75,1,1,1,0,1,1,0,2,1,3,3,16,greenda02\
170,Draymond Green,PF,32,GSW,58,58,1819,194,365,0.532,34,103,0.33,160,262,0.611,0.578,61,89,0.685,48,375,423,395,54,45,150,181,483,greendr01\
171,Jalen Green,SG,20,HOU,59,59,1974,433,1046,0.414,149,443,0.336,284,603,0.471,0.485,266,341,0.78,30,195,225,210,43,16,161,99,1281,greenja05\
172,JaMychal Green,PF,32,GSW,46,1,644,107,204,0.525,32,89,0.36,75,115,0.652,0.603,42,57,0.737,59,113,172,42,20,18,49,88,288,greenja01\
173,Javonte Green,SG,29,CHI,28,1,449,61,104,0.587,13,34,0.382,48,70,0.686,0.649,29,43,0.674,25,57,82,23,22,20,20,47,164,greenja02\
174,Jeff Green,PF,36,DEN,41,3,800,124,251,0.494,17,71,0.239,107,180,0.594,0.528,60,84,0.714,29,77,106,48,15,14,38,75,325,greenje02\
175,Josh Green,SG,22,DAL,46,13,1146,148,276,0.536,53,129,0.411,95,147,0.646,0.632,60,84,0.714,41,88,129,73,36,4,48,120,409,greenjo02\
176,AJ Griffin,SF,19,ATL,59,11,1171,208,441,0.472,83,216,0.384,125,225,0.556,0.566,28,32,0.875,26,93,119,60,39,7,34,73,527,griffaj01\
177,Blake Griffin,C,33,BOS,28,13,398,49,98,0.5,19,51,0.373,30,47,0.638,0.597,15,24,0.625,24,70,94,36,8,5,15,54,132,griffbl01\
178,Quentin Grimes,SG,22,NYK,56,51,1648,195,437,0.446,104,291,0.357,91,146,0.623,0.565,61,77,0.792,40,140,180,106,33,22,54,138,555,grimequ01\
179,Rui Hachimura,PF,24,TOT,48,8,1168,225,473,0.476,41,129,0.318,184,344,0.535,0.519,76,103,0.738,43,180,223,47,15,19,44,52,567,hachiru01\
179,Rui Hachimura,PF,24,WAS,30,0,728,158,324,0.488,30,89,0.337,128,235,0.545,0.534,44,58,0.759,19,109,128,35,11,12,36,39,390,hachiru01\
179,Rui Hachimura,PF,24,LAL,18,8,440,67,149,0.45,11,40,0.275,56,109,0.514,0.487,32,45,0.711,24,71,95,12,4,7,8,13,177,hachiru01\
180,Tyrese Haliburton,PG,22,IND,53,53,1783,389,795,0.489,156,383,0.407,233,412,0.566,0.587,159,184,0.864,32,164,196,544,89,24,134,65,1093,halibty01\
181,Jordan Hall,SF,21,SAS,9,0,83,9,28,0.321,3,15,0.2,6,13,0.462,0.375,7,9,0.778,3,9,12,11,1,0,7,6,28,halljo02\
182,R.J. Hampton,PG,21,TOT,32,0,450,61,142,0.43,23,67,0.343,38,75,0.507,0.511,38,45,0.844,10,40,50,41,23,5,28,27,183,hamptrj01\
182,R.J. Hampton,PG,21,ORL,26,0,361,50,114,0.439,18,53,0.34,32,61,0.525,0.518,31,37,0.838,9,30,39,34,16,4,21,22,149,hamptrj01\
182,R.J. Hampton,PG,21,DET,6,0,89,11,28,0.393,5,14,0.357,6,14,0.429,0.482,7,8,0.875,1,10,11,7,7,1,7,5,34,hamptrj01\
183,Tim Hardaway Jr.,SG,30,DAL,60,37,1803,282,721,0.391,179,471,0.38,103,250,0.412,0.515,107,140,0.764,20,194,214,103,43,8,49,97,850,hardati02\
184,James Harden,PG,33,PHI,48,48,1767,316,704,0.449,141,352,0.401,175,352,0.497,0.549,279,320,0.872,31,270,301,519,56,27,163,92,1052,hardeja01\
185,Jaden Hardy,SG,20,DAL,32,0,371,69,163,0.423,25,73,0.342,44,90,0.489,0.5,42,48,0.875,2,41,43,26,9,3,26,41,205,hardyja02\
186,Ron Harper Jr.,SF,22,TOR,4,0,14,4,7,0.571,2,4,0.5,2,3,0.667,0.714,0,0,,1,1,2,0,0,0,0,0,10,harpero02\
187,Montrezl Harrell,C,29,PHI,51,7,626,112,186,0.602,0,2,0,112,184,0.609,0.602,59,85,0.694,60,80,140,31,16,25,31,74,283,harremo01\
188,Gary Harris,SG,28,ORL,35,29,867,103,220,0.468,64,147,0.435,39,73,0.534,0.614,25,28,0.893,17,60,77,42,32,5,22,69,295,harriga01\
189,Joe Harris,SG,31,BRK,58,32,1314,172,372,0.462,116,270,0.43,56,102,0.549,0.618,15,24,0.625,19,118,137,85,29,13,37,132,475,harrijo01\
190,Kevon Harris,SG,25,ORL,27,0,336,32,77,0.416,11,28,0.393,21,49,0.429,0.487,22,27,0.815,23,30,53,12,13,3,16,36,97,harrike01\
191,Tobias Harris,PF,30,PHI,60,60,2001,353,708,0.499,104,272,0.382,249,436,0.571,0.572,86,99,0.869,55,297,352,153,61,32,73,120,896,harrito02\
192,Josh Hart,SF-SG,27,TOT,61,51,1993,223,428,0.521,48,135,0.356,175,293,0.597,0.577,105,146,0.719,107,369,476,231,65,14,93,163,599,hartjo01\
192,Josh Hart,SF,27,POR,51,51,1704,183,363,0.504,34,112,0.304,149,251,0.594,0.551,87,119,0.731,95,322,417,200,54,9,79,133,487,hartjo01\
192,Josh Hart,SG,27,NYK,10,0,289,40,65,0.615,14,23,0.609,26,42,0.619,0.723,18,27,0.667,12,47,59,31,11,5,14,30,112,hartjo01\
193,Isaiah Hartenstein,C,24,NYK,67,7,1296,142,273,0.52,8,34,0.235,134,239,0.561,0.535,42,56,0.75,181,253,434,60,36,52,54,172,334,harteis01\
194,Udonis Haslem,C,42,MIA,6,1,46,1,12,0.083,0,2,0,1,10,0.1,0.083,1,2,0.5,4,4,8,0,1,1,0,8,3,hasleud01\
195,Sam Hauser,PF,25,BOS,64,4,987,137,300,0.457,105,251,0.418,32,49,0.653,0.632,10,15,0.667,28,135,163,49,20,17,22,82,389,hausesa01\
196,Jaxson Hayes,C,22,NOP,38,2,515,72,130,0.554,3,27,0.111,69,103,0.67,0.565,52,74,0.703,32,78,110,29,19,15,26,55,199,hayesja02\
197,Killian Hayes,PG,21,DET,60,41,1612,225,607,0.371,68,228,0.298,157,379,0.414,0.427,50,63,0.794,19,143,162,353,81,21,121,176,568,hayeski01\
198,Gordon Hayward,SF,32,CHO,41,41,1296,229,484,0.473,45,135,0.333,184,349,0.527,0.52,104,129,0.806,31,149,180,158,37,10,82,62,607,haywago01\
199,Juancho Hernang\'f3mez,PF,27,TOR,42,10,614,48,114,0.421,17,67,0.254,31,47,0.66,0.496,9,16,0.563,27,96,123,25,16,6,15,43,122,hernaju01\
200,Willy Hernang\'f3mez,C,28,NOP,32,2,420,80,154,0.519,2,10,0.2,78,144,0.542,0.526,78,99,0.788,57,110,167,30,14,13,34,56,240,hernawi01\
201,Tyler Herro,SG,23,MIA,52,52,1843,383,890,0.43,158,424,0.373,225,466,0.483,0.519,131,142,0.923,26,266,292,227,42,15,127,87,1055,herroty01\
202,Buddy Hield,SF,30,IND,66,66,2105,402,879,0.457,246,576,0.427,156,303,0.515,0.597,90,108,0.833,57,270,327,179,76,19,119,134,1140,hieldbu01\
203,Haywood Highsmith,SF,26,MIA,45,9,856,81,190,0.426,36,101,0.356,45,89,0.506,0.521,11,24,0.458,46,117,163,31,33,15,35,71,209,highsha01\
204,George Hill,PG,36,TOT,37,1,693,62,136,0.456,24,76,0.316,38,60,0.633,0.544,34,46,0.739,13,55,68,89,21,4,27,43,182,hillge01\
204,George Hill,PG,36,MIL,35,0,668,59,132,0.447,23,74,0.311,36,58,0.621,0.534,34,46,0.739,13,54,67,89,19,3,27,41,175,hillge01\
204,George Hill,PG,36,IND,2,1,25,3,4,0.75,1,2,0.5,2,2,1,0.875,0,0,,0,1,1,0,2,1,0,2,7,hillge01\
205,Malcolm Hill,SF,27,CHI,5,0,9,2,4,0.5,1,3,0.333,1,1,1,0.625,0,0,,0,3,3,0,0,0,0,1,5,hillma01\
206,Aaron Holiday,PG,26,ATL,52,5,729,79,189,0.418,31,75,0.413,48,114,0.421,0.5,24,28,0.857,21,45,66,65,27,10,30,68,213,holidaa01\
207,Jrue Holiday,PG,32,MIL,53,51,1744,399,836,0.477,130,337,0.386,269,499,0.539,0.555,125,144,0.868,61,207,268,385,62,18,151,96,1053,holidjr01\
208,Justin Holiday,SG,33,TOT,34,2,531,61,153,0.399,41,110,0.373,20,43,0.465,0.533,0,2,0,3,30,33,31,13,16,16,51,163,holidju01\
208,Justin Holiday,SG,33,ATL,28,0,411,48,125,0.384,30,87,0.345,18,38,0.474,0.504,0,0,,2,21,23,25,5,10,12,37,126,holidju01\
208,Justin Holiday,SG,33,DAL,6,2,120,13,28,0.464,11,23,0.478,2,5,0.4,0.661,0,2,0,1,9,10,6,8,6,4,14,37,holidju01\
209,Richaun Holmes,C,29,SAC,35,1,305,47,69,0.681,3,4,0.75,44,65,0.677,0.703,14,17,0.824,24,47,71,5,3,11,13,46,111,holmeri01\
210,Al Horford,C,36,BOS,51,51,1587,186,387,0.481,115,255,0.451,71,132,0.538,0.629,14,19,0.737,63,260,323,140,24,46,30,101,501,horfoal01\
211,Talen Horton-Tucker,SG,22,UTA,52,7,928,157,383,0.41,39,141,0.277,118,242,0.488,0.461,74,98,0.755,22,121,143,157,33,27,86,81,427,hortota01\
212,Danuel House Jr.,SF,29,PHI,41,2,593,63,132,0.477,27,79,0.342,36,53,0.679,0.58,30,42,0.714,8,63,71,31,9,7,18,49,183,houseda01\
213,Caleb Houstan,SF,20,ORL,38,2,600,53,133,0.398,36,95,0.379,17,38,0.447,0.534,11,13,0.846,26,56,82,19,7,3,12,53,153,houstca01\
214,Trevor Hudgins,PG,23,HOU,5,0,28,2,9,0.222,2,8,0.25,0,1,0,0.333,3,3,1,0,0,0,3,0,0,1,1,9,hudgitr01\
215,Kevin Huerter,SG,24,SAC,61,61,1840,340,696,0.489,165,411,0.401,175,285,0.614,0.607,79,113,0.699,35,166,201,182,68,19,86,152,924,huertke01\
216,De'Andre Hunter,SF,25,ATL,55,55,1750,310,668,0.464,87,238,0.366,223,430,0.519,0.529,152,184,0.826,35,200,235,80,30,12,68,166,859,huntede01\
217,Bones Hyland,PG,22,TOT,47,1,891,184,471,0.391,96,259,0.371,88,212,0.415,0.493,79,92,0.859,16,88,104,133,31,13,70,82,543,hylanbo01\
217,Bones Hyland,PG,22,DEN,42,1,820,173,434,0.399,91,241,0.378,82,193,0.425,0.503,71,82,0.866,10,76,86,125,28,13,67,66,508,hylanbo01\
217,Bones Hyland,PG,22,LAC,5,0,71,11,37,0.297,5,18,0.278,6,19,0.316,0.365,8,10,0.8,6,12,18,8,3,0,3,16,35,hylanbo01\
218,Serge Ibaka,C,33,MIL,16,0,185,26,54,0.481,6,18,0.333,20,36,0.556,0.537,8,13,0.615,15,29,44,4,2,7,11,23,66,ibakase01\
219,Andre Iguodala,SF,39,GSW,5,0,68,4,7,0.571,1,4,0.25,3,3,1,0.643,0,0,,1,8,9,10,1,2,8,6,9,iguodan01\
220,Joe Ingles,SF,35,MIL,32,0,720,75,179,0.419,52,140,0.371,23,39,0.59,0.564,14,17,0.824,8,84,92,96,20,5,37,58,216,inglejo01\
221,Brandon Ingram,SF,25,NOP,30,30,996,254,543,0.468,48,122,0.393,206,421,0.489,0.512,143,165,0.867,12,138,150,144,21,12,98,82,699,ingrabr01\
222,Kyrie Irving,PG,30,TOT,50,50,1853,496,1006,0.493,162,424,0.382,334,582,0.574,0.574,206,230,0.896,51,203,254,280,53,37,113,140,1360,irvinky01\
222,Kyrie Irving,PG,30,BRK,40,40,1478,398,819,0.486,130,348,0.374,268,471,0.569,0.565,158,179,0.883,38,166,204,211,41,33,91,109,1084,irvinky01\
222,Kyrie Irving,PG,30,DAL,10,10,375,98,187,0.524,32,76,0.421,66,111,0.595,0.61,48,51,0.941,13,37,50,69,12,4,22,31,276,irvinky01\
223,Jonathan Isaac,PF,25,ORL,11,0,124,22,53,0.415,6,15,0.4,16,38,0.421,0.472,5,9,0.556,15,29,44,6,14,4,4,5,55,isaacjo01\
224,Jaden Ivey,SG,20,DET,61,60,1841,319,764,0.418,87,262,0.332,232,502,0.462,0.474,215,295,0.729,60,179,239,296,54,15,177,191,940,iveyja01\
225,Frank Jackson,PG,24,UTA,1,0,5,0,3,0,0,1,0,0,2,0,0,0,0,,1,1,2,1,0,0,0,0,0,jacksfr01\
226,Isaiah Jackson,C,21,IND,48,5,735,124,221,0.561,2,12,0.167,122,209,0.584,0.566,68,105,0.648,70,119,189,42,19,70,39,106,318,jacksis01\
227,Jaren Jackson Jr.,C,23,MEM,47,47,1299,284,577,0.492,71,209,0.34,213,368,0.579,0.554,161,205,0.785,77,232,309,39,50,152,71,165,800,jacksja02\
228,Justin Jackson,SF,27,BOS,23,0,107,7,27,0.259,5,20,0.25,2,7,0.286,0.352,1,2,0.5,2,15,17,9,4,4,2,7,20,jacksju01\
229,Quenton Jackson,PG,24,WAS,3,0,8,2,3,0.667,1,2,0.5,1,1,1,0.833,0,0,,1,0,1,1,0,0,0,1,5,jacksqu01\
230,Reggie Jackson,PG,32,TOT,58,38,1462,230,564,0.408,86,249,0.345,144,315,0.457,0.484,65,72,0.903,24,103,127,205,43,6,104,102,611,jacksre01\
230,Reggie Jackson,PG,32,LAC,52,38,1338,214,512,0.418,77,220,0.35,137,292,0.469,0.493,61,66,0.924,22,94,116,183,38,5,96,92,566,jacksre01\
230,Reggie Jackson,PG,32,DEN,6,0,124,16,52,0.308,9,29,0.31,7,23,0.304,0.394,4,6,0.667,2,9,11,22,5,1,8,10,45,jacksre01\
231,LeBron James,PF,38,LAL,47,47,1695,532,1061,0.501,100,325,0.308,432,736,0.587,0.549,224,295,0.759,57,339,396,326,44,26,147,79,1388,jamesle01\
232,Ty Jerome,SG,25,GSW,42,2,776,115,233,0.494,32,84,0.381,83,149,0.557,0.562,36,39,0.923,7,68,75,129,22,5,29,63,298,jeromty01\
233,Isaiah Joe,SG,23,OKC,57,6,989,170,362,0.47,130,293,0.444,40,69,0.58,0.649,51,63,0.81,18,110,128,66,35,6,28,80,521,joeis01\
234,Alize Johnson,PF,26,SAS,4,0,30,3,6,0.5,0,2,0,3,4,0.75,0.5,1,2,0.5,2,8,10,1,1,0,4,3,7,johnsal02\
235,Cameron Johnson,PF,26,TOT,27,26,721,140,306,0.458,71,177,0.401,69,129,0.535,0.574,57,71,0.803,19,88,107,43,29,9,17,51,408,johnsca02\
235,Cameron Johnson,PF,26,PHO,17,16,429,82,173,0.474,45,99,0.455,37,74,0.5,0.604,27,33,0.818,14,51,65,26,15,6,10,29,236,johnsca02\
235,Cameron Johnson,PF,26,BRK,10,10,292,58,133,0.436,26,78,0.333,32,55,0.582,0.534,30,38,0.789,5,37,42,17,14,3,7,22,172,johnsca02\
236,Jalen Johnson,SF,21,ATL,60,6,864,122,251,0.486,24,83,0.289,98,168,0.583,0.534,41,62,0.661,44,190,234,59,27,26,30,91,309,johnsja05\
237,James Johnson,PF,35,IND,12,1,98,10,27,0.37,3,10,0.3,7,17,0.412,0.426,3,4,0.75,2,14,16,7,4,5,5,24,26,johnsja01\
238,Keldon Johnson,SF,23,SAS,56,56,1826,435,971,0.448,115,360,0.319,320,611,0.524,0.507,224,292,0.767,47,222,269,158,38,11,121,109,1209,johnske04\
239,Keon Johnson,SG,20,POR,33,0,317,51,136,0.375,22,61,0.361,29,75,0.387,0.456,12,22,0.545,8,27,35,35,15,4,33,35,136,johnske07\
240,Stanley Johnson,SF,26,SAS,30,0,469,65,122,0.533,18,40,0.45,47,82,0.573,0.607,26,39,0.667,22,73,95,67,16,6,33,48,174,johnsst04\
241,Nikola Jokić,C,27,DEN,57,57,1917,528,833,0.634,46,114,0.404,482,719,0.67,0.661,287,349,0.822,134,540,674,570,70,38,202,148,1389,jokicni01\
242,Carlik Jones,PG,25,CHI,2,0,23,1,5,0.2,0,1,0,1,4,0.25,0.2,1,4,0.25,1,2,3,2,0,0,1,1,3,jonesca03\
243,Damian Jones,C,27,TOT,27,1,254,30,50,0.6,1,4,0.25,29,46,0.63,0.61,19,25,0.76,24,50,74,7,3,18,12,28,80,jonesda03\
243,Damian Jones,C,27,LAL,22,1,176,20,37,0.541,0,3,0,20,34,0.588,0.541,15,20,0.75,18,37,55,4,3,12,9,17,55,jonesda03\
243,Damian Jones,C,27,UTA,5,0,78,10,13,0.769,1,1,1,9,12,0.75,0.808,4,5,0.8,6,13,19,3,0,6,3,11,25,jonesda03\
244,Derrick Jones Jr.,SF,25,CHI,50,0,713,89,175,0.509,18,55,0.327,71,120,0.592,0.56,54,68,0.794,48,74,122,30,22,30,21,70,250,jonesde02\
245,Herbert Jones,SF,24,NOP,49,49,1420,165,370,0.446,37,123,0.301,128,247,0.518,0.496,93,125,0.744,67,127,194,114,80,33,62,159,460,joneshe01\
246,Kai Jones,C,22,CHO,32,0,286,35,66,0.53,3,12,0.25,32,54,0.593,0.553,10,14,0.714,21,39,60,6,8,12,11,38,83,joneska01\
247,Tre Jones,PG,23,SAS,54,53,1570,263,604,0.435,36,134,0.269,227,470,0.483,0.465,115,129,0.891,44,148,192,334,69,8,91,78,677,jonestr01\
248,Tyus Jones,PG,26,MEM,64,11,1472,238,547,0.435,95,248,0.383,143,299,0.478,0.522,63,77,0.818,23,118,141,293,66,4,55,25,634,jonesty01\
249,DeAndre Jordan,C,34,DEN,35,5,499,75,97,0.773,1,1,1,74,96,0.771,0.778,18,41,0.439,41,127,168,31,8,22,42,65,169,jordade01\
250,Cory Joseph,PG,31,DET,47,2,798,86,212,0.406,32,98,0.327,54,114,0.474,0.481,36,45,0.8,10,60,70,155,22,7,36,67,240,josepco01\
251,Nikola Jovi\uc0\u263 ,PF,19,MIA,15,8,204,28,69,0.406,8,35,0.229,20,34,0.588,0.464,18,19,0.947,9,22,31,10,7,2,10,19,82,jovicni01\
252,Johnny Juzang,SF,21,UTA,4,0,46,8,23,0.348,5,17,0.294,3,6,0.5,0.457,0,2,0,2,1,3,1,2,2,1,3,21,juzanjo01\
253,Mfiondu Kabengele,PF,25,BOS,2,0,14,1,2,0.5,0,1,0,1,1,1,0.5,0,0,,3,2,5,0,0,0,1,3,2,kabenmf01\
254,Frank Kaminsky,C,29,TOT,32,0,212,27,55,0.491,12,30,0.4,15,25,0.6,0.6,14,16,0.875,4,41,45,28,6,3,9,22,80,kaminfr01\
254,Frank Kaminsky,C,29,ATL,26,0,176,25,44,0.568,11,23,0.478,14,21,0.667,0.693,10,12,0.833,3,33,36,21,5,1,9,21,71,kaminfr01\
254,Frank Kaminsky,C,29,HOU,6,0,36,2,11,0.182,1,7,0.143,1,4,0.25,0.227,4,4,1,1,8,9,7,1,2,0,1,9,kaminfr01\
255,Trevor Keels,SG,19,NYK,2,0,4,1,3,0.333,1,3,0.333,0,0,,0.5,0,0,,0,2,2,0,0,0,0,0,3,keelstr01\
256,Luke Kennard,SG,26,TOT,43,11,901,115,253,0.455,75,164,0.457,40,89,0.449,0.603,27,28,0.964,7,95,102,53,20,4,35,59,332,kennalu01\
256,Luke Kennard,SG,26,LAC,35,11,725,98,211,0.464,59,132,0.447,39,79,0.494,0.604,19,20,0.95,6,77,83,37,19,4,30,47,274,kennalu01\
256,Luke Kennard,SG,26,MEM,8,0,176,17,42,0.405,16,32,0.5,1,10,0.1,0.595,8,8,1,1,18,19,16,1,0,5,12,58,kennalu01\
257,Walker Kessler,C,21,UTA,62,28,1365,227,318,0.714,1,2,0.5,226,316,0.715,0.715,66,124,0.532,185,318,503,49,24,140,49,142,521,kesslwa01\
258,Braxton Key,SF,25,DET,3,0,9,1,1,1,0,0,,1,1,1,1,2,2,1,0,1,1,0,0,0,0,0,4,keybr01\
259,Corey Kispert,SF,23,WAS,57,32,1554,190,387,0.491,111,258,0.43,79,129,0.612,0.634,51,59,0.864,23,134,157,69,30,6,41,70,542,kispeco01\
260,Maxi Kleber,C,31,DAL,25,0,634,60,120,0.5,28,75,0.373,32,45,0.711,0.617,12,20,0.6,20,71,91,27,8,23,13,56,160,klebima01\
261,Nathan Knight,PF,25,MIN,34,0,276,43,75,0.573,8,21,0.381,35,54,0.648,0.627,36,53,0.679,21,31,52,13,9,6,19,36,130,knighna01\
262,Kevin Knox,PF-SF,23,TOT,48,1,619,86,185,0.465,43,120,0.358,43,65,0.662,0.581,28,35,0.8,22,90,112,15,14,12,32,79,243,knoxke01\
262,Kevin Knox,PF,23,DET,42,1,593,84,179,0.469,43,116,0.371,41,63,0.651,0.589,26,33,0.788,20,88,108,15,14,12,32,74,237,knoxke01\
262,Kevin Knox,SF,23,POR,6,0,26,2,6,0.333,0,4,0,2,2,1,0.333,2,2,1,2,2,4,0,0,0,0,5,6,knoxke01\
263,Christian Koloko,C,22,TOR,46,19,663,61,126,0.484,1,9,0.111,60,117,0.513,0.488,35,53,0.66,71,76,147,22,13,48,18,111,158,kolokch01\
264,John Konchar,SG,26,MEM,56,22,1212,118,270,0.437,54,150,0.36,64,120,0.533,0.537,26,31,0.839,47,203,250,76,58,15,29,85,316,konchjo01\
265,Furkan Korkmaz,SG,25,PHI,26,0,259,34,80,0.425,13,36,0.361,21,44,0.477,0.506,20,30,0.667,6,24,30,18,6,3,17,10,101,korkmfu01\
266,Luke Kornet,C,27,BOS,55,0,635,87,127,0.685,3,9,0.333,84,118,0.712,0.697,29,36,0.806,71,86,157,36,10,41,21,70,206,kornelu01\
267,Vit Krejci,PG,22,ATL,22,0,122,11,29,0.379,5,18,0.278,6,11,0.545,0.466,1,2,0.5,2,12,14,12,3,1,4,11,28,krejcvi01\
268,Jonathan Kuminga,PF,20,GSW,54,12,1089,195,388,0.503,40,116,0.345,155,272,0.57,0.554,68,102,0.667,51,128,179,96,32,24,82,125,498,kuminjo01\
269,Kyle Kuzma,PF,27,WAS,59,59,2078,476,1071,0.444,151,452,0.334,325,619,0.525,0.515,160,219,0.731,53,375,428,222,31,28,176,136,1263,kuzmaky01\
270,Anthony Lamb,SF,25,GSW,50,3,1005,126,265,0.475,66,174,0.379,60,91,0.659,0.6,33,45,0.733,44,127,171,87,24,15,47,116,351,lamban01\
271,Jock Landale,C,27,PHO,56,3,793,136,267,0.509,19,78,0.244,117,189,0.619,0.545,73,95,0.768,100,130,230,51,14,28,47,100,364,landajo01\
272,Romeo Langford,SG,23,SAS,33,19,659,101,209,0.483,13,48,0.271,88,161,0.547,0.514,25,39,0.641,47,46,93,44,17,11,23,56,240,langfro01\
273,Jake LaRavia,PF,21,MEM,32,0,388,35,89,0.393,22,65,0.338,13,24,0.542,0.517,7,9,0.778,17,43,60,21,12,4,18,47,99,laravja01\
274,Zach LaVine,SG,27,CHI,61,61,2193,521,1093,0.477,170,446,0.381,351,647,0.543,0.554,293,347,0.844,33,254,287,241,57,14,158,135,1505,lavinza01\
275,A.J. Lawson,SG,22,TOT,13,0,63,13,26,0.5,7,16,0.438,6,10,0.6,0.635,1,3,0.333,2,8,10,1,1,0,1,8,34,lawsoaj01\
275,A.J. Lawson,SG,22,MIN,1,0,2,1,1,1,0,0,,1,1,1,1,0,0,,0,1,1,0,0,0,0,1,2,lawsoaj01\
275,A.J. Lawson,SG,22,DAL,12,0,61,12,25,0.48,7,16,0.438,5,9,0.556,0.62,1,3,0.333,2,7,9,1,1,0,1,7,32,lawsoaj01\
276,Damion Lee,SG,30,PHO,65,5,1389,181,409,0.443,102,231,0.442,79,178,0.444,0.567,90,99,0.909,31,170,201,95,28,7,70,105,554,leeda03\
277,Saben Lee,PG,23,TOT,21,0,296,37,84,0.44,7,19,0.368,30,65,0.462,0.482,34,45,0.756,10,26,36,55,15,1,23,27,115,leesa01\
277,Saben Lee,PG,23,PHI,2,0,10,3,4,0.75,0,1,0,3,3,1,0.75,0,0,,0,0,0,2,1,0,3,1,6,leesa01\
277,Saben Lee,PG,23,PHO,19,0,286,34,80,0.425,7,18,0.389,27,62,0.435,0.469,34,45,0.756,10,26,36,53,14,1,20,26,109,leesa01\
278,Alex Len,C,29,SAC,16,1,49,5,10,0.5,0,1,0,5,9,0.556,0.5,3,4,0.75,4,11,15,5,0,0,6,10,13,lenal01\
279,Kawhi Leonard,SF,31,LAC,39,37,1295,326,643,0.507,74,179,0.413,252,464,0.543,0.565,181,207,0.874,45,198,243,152,54,23,62,60,907,leonaka01\
280,Meyers Leonard,C,30,MIL,5,0,34,4,10,0.4,4,9,0.444,0,1,0,0.6,2,2,1,2,8,10,0,1,0,2,6,14,leoname01\
281,Caris LeVert,SG,28,CLE,61,26,1826,251,613,0.409,91,252,0.361,160,361,0.443,0.484,107,149,0.718,46,193,239,241,51,17,98,136,700,leverca01\
282,Kira Lewis Jr.,PG,21,NOP,18,0,199,35,74,0.473,13,28,0.464,22,46,0.478,0.561,16,18,0.889,5,27,32,17,7,1,9,21,99,lewiski01\
283,Damian Lillard,PG,32,POR,52,52,1890,508,1086,0.468,223,592,0.377,285,494,0.577,0.57,448,489,0.916,39,202,241,373,47,16,167,98,1687,lillada01\
284,Nassir Little,SF,22,POR,44,2,763,106,222,0.477,51,123,0.415,55,99,0.556,0.592,23,35,0.657,20,95,115,43,16,16,23,47,286,littlna01\
285,Isaiah Livers,PF,24,DET,43,13,942,87,212,0.41,59,162,0.364,28,50,0.56,0.55,22,28,0.786,20,83,103,30,23,23,25,82,255,liveris01\
286,Kenneth Lofton Jr.,PF,20,MEM,11,0,39,8,21,0.381,0,4,0,8,17,0.471,0.381,3,5,0.6,1,4,5,7,1,0,2,5,19,loftoke01\
287,Kevon Looney,C,26,GSW,66,58,1535,197,296,0.666,0,1,0,197,295,0.668,0.666,71,118,0.602,203,388,591,160,35,37,37,190,465,looneke01\
288,Brook Lopez,C,34,MIL,64,64,1942,368,716,0.514,118,309,0.382,250,407,0.614,0.596,111,145,0.766,126,296,422,80,30,152,91,162,965,lopezbr01\
289,Robin Lopez,C,34,CLE,32,1,245,38,58,0.655,2,3,0.667,36,55,0.655,0.672,12,16,0.75,19,21,40,14,1,4,21,33,90,lopezro01\
290,Kevin Love,PF,34,TOT,47,9,956,126,326,0.387,77,226,0.341,49,100,0.49,0.505,63,71,0.887,47,277,324,87,10,9,51,78,392,loveke01\
290,Kevin Love,PF,34,CLE,41,3,821,111,285,0.389,69,195,0.354,42,90,0.467,0.511,56,63,0.889,42,238,280,76,7,7,47,65,347,loveke01\
290,Kevin Love,PF,34,MIA,6,6,135,15,41,0.366,8,31,0.258,7,10,0.7,0.463,7,8,0.875,5,39,44,11,3,2,4,13,45,loveke01\
291,Kyle Lowry,PG,36,MIA,44,44,1464,169,427,0.396,90,270,0.333,79,157,0.503,0.501,100,117,0.855,38,152,190,232,49,17,87,121,528,lowryky01\
292,Trey Lyles,PF,27,SAC,58,0,947,152,312,0.487,67,179,0.374,85,133,0.639,0.595,78,99,0.788,55,168,223,53,20,27,47,73,449,lylestr01\
293,Th\'e9o Maledon,PG,21,CHO,36,1,581,65,157,0.414,21,63,0.333,44,94,0.468,0.481,49,56,0.875,9,77,86,86,27,6,35,37,200,maledth01\
294,Sandro Mamukelashvili,C,23,TOT,26,0,250,23,68,0.338,10,37,0.27,13,31,0.419,0.412,13,19,0.684,21,41,62,16,5,5,11,27,69,mamuksa01\
294,Sandro Mamukelashvili,C,23,MIL,24,0,217,19,58,0.328,7,32,0.219,12,26,0.462,0.388,12,18,0.667,18,38,56,16,4,5,9,19,57,mamuksa01\
294,Sandro Mamukelashvili,C,23,SAS,2,0,33,4,10,0.4,3,5,0.6,1,5,0.2,0.55,1,1,1,3,3,6,0,1,0,2,8,12,mamuksa01\
295,Terance Mann,SG,26,LAC,66,35,1541,229,435,0.526,64,162,0.395,165,273,0.604,0.6,71,91,0.78,63,175,238,147,35,19,64,124,593,mannte01\
296,Tre Mann,PG,21,OKC,57,4,1027,170,440,0.386,72,230,0.313,98,210,0.467,0.468,33,45,0.733,23,107,130,97,35,10,51,86,445,manntr01\
297,Boban Marjanovi\uc0\u263 ,C,34,HOU,24,0,116,31,45,0.689,0,1,0,31,44,0.705,0.689,18,24,0.75,13,28,41,5,4,1,8,5,80,marjabo01\
298,Lauri Markkanen,SF,25,UTA,59,59,2027,505,986,0.512,179,439,0.408,326,547,0.596,0.603,304,350,0.869,112,392,504,107,37,36,115,124,1493,markkla01\
299,Naji Marshall,SF,25,NOP,60,19,1480,201,467,0.43,57,184,0.31,144,283,0.509,0.491,111,142,0.782,42,181,223,148,47,13,72,88,570,marshna01\
300,Caleb Martin,PF,27,MIA,56,49,1671,214,462,0.463,76,202,0.376,138,260,0.531,0.545,75,95,0.789,74,205,279,89,56,26,63,116,579,martica02\
301,Cody Martin,SF,27,CHO,7,0,134,14,36,0.389,3,14,0.214,11,22,0.5,0.431,4,7,0.571,8,16,24,11,4,1,2,13,35,martico01\
302,Kenyon Martin Jr.,SF,22,HOU,65,32,1748,308,548,0.562,54,172,0.314,254,376,0.676,0.611,108,162,0.667,97,270,367,102,32,25,76,118,778,martike04\
303,Tyrese Martin,SG,23,ATL,13,0,45,6,16,0.375,1,5,0.2,5,11,0.455,0.406,2,2,1,2,4,6,0,1,0,1,2,15,martity01\
304,Garrison Mathews,SG,26,TOT,47,0,608,61,171,0.357,54,156,0.346,7,15,0.467,0.515,41,45,0.911,10,53,63,23,23,4,18,56,217,mathega01\
304,Garrison Mathews,SG,26,HOU,45,0,602,60,170,0.353,53,155,0.342,7,15,0.467,0.509,41,45,0.911,10,52,62,23,23,4,18,56,214,mathega01\
304,Garrison Mathews,SG,26,ATL,2,0,6,1,1,1,1,1,1,0,0,,1.5,0,0,,0,1,1,0,0,0,0,0,3,mathega01\
305,Bennedict Mathurin,SF,20,IND,66,6,1857,354,826,0.429,88,278,0.317,266,548,0.485,0.482,318,384,0.828,73,196,269,94,40,8,119,135,1114,mathube01\
306,Wesley Matthews,SG,36,MIL,39,0,608,39,118,0.331,31,95,0.326,8,23,0.348,0.462,17,20,0.85,30,57,87,20,17,10,15,55,126,matthwe02\
307,Tyrese Maxey,SG,22,PHI,46,27,1515,335,716,0.468,112,274,0.409,223,442,0.505,0.546,149,179,0.832,18,108,126,161,38,6,62,102,931,maxeyty01\
308,Miles McBride,PG,22,NYK,52,2,620,58,172,0.337,31,109,0.284,27,63,0.429,0.427,22,32,0.688,10,32,42,56,28,4,21,48,169,mcbrimi01\
309,CJ McCollum,SG,31,NOP,58,58,2033,456,1051,0.434,159,426,0.373,297,625,0.475,0.51,145,182,0.797,48,203,251,337,53,32,152,115,1216,mccolcj01\
310,T.J. McConnell,PG,30,IND,63,6,1237,213,404,0.527,18,44,0.409,195,360,0.542,0.55,44,52,0.846,38,151,189,313,67,5,109,81,488,mccontj01\
311,Jaden McDaniels,PF,22,MIN,64,64,1960,289,558,0.518,82,212,0.387,207,346,0.598,0.591,76,103,0.738,81,169,250,128,61,64,92,219,736,mcdanja02\
312,Jalen McDaniels,SF,25,TOT,67,22,1683,245,543,0.451,68,212,0.321,177,331,0.535,0.514,106,127,0.835,56,256,312,120,72,29,87,188,664,mcdanja01\
312,Jalen McDaniels,SF,25,CHO,56,21,1494,221,494,0.447,65,202,0.322,156,292,0.534,0.513,88,104,0.846,44,226,270,111,66,29,80,158,595,mcdanja01\
312,Jalen McDaniels,SF,25,PHI,11,1,189,24,49,0.49,3,10,0.3,21,39,0.538,0.52,18,23,0.783,12,30,42,9,6,0,7,30,69,mcdanja01\
313,Doug McDermott,SF,31,SAS,55,0,1122,199,435,0.457,101,246,0.411,98,189,0.519,0.574,38,51,0.745,16,101,117,78,9,6,51,98,537,mcderdo01\
314,JaVale McGee,C,35,DAL,36,7,293,64,106,0.604,1,4,0.25,63,102,0.618,0.608,18,32,0.563,28,65,93,10,4,21,31,43,147,mcgeeja01\
315,Bryce McGowens,SG,20,CHO,31,1,456,40,109,0.367,13,41,0.317,27,68,0.397,0.427,24,32,0.75,12,44,56,27,8,4,18,23,117,mcgowbr01\
316,Rodney McGruder,SG,31,DET,25,5,311,28,73,0.384,20,52,0.385,8,21,0.381,0.521,11,15,0.733,12,25,37,18,7,0,7,19,87,mcgruro01\
317,Jordan McLaughlin,PG,26,MIN,30,0,464,43,103,0.417,13,55,0.236,30,48,0.625,0.481,9,10,0.9,14,33,47,91,25,3,22,15,108,mclaujo01\
318,De'Anthony Melton,PG,24,PHI,62,51,1751,225,532,0.423,130,328,0.396,95,204,0.466,0.545,55,68,0.809,56,201,257,163,102,33,85,153,635,meltode01\
319,Sam Merrill,SG,26,CLE,1,0,4,1,2,0.5,0,1,0,1,1,1,0.5,0,0,,0,0,0,0,0,0,0,0,2,merrisa01\
320,Chimezie Metu,C,25,SAC,51,0,568,108,177,0.61,8,32,0.25,100,145,0.69,0.633,33,45,0.733,40,122,162,37,17,15,28,67,257,metuch01\
321,Khris Middleton,SF,31,MIL,22,8,488,105,248,0.423,30,102,0.294,75,146,0.514,0.484,62,68,0.912,15,75,90,97,16,3,47,47,302,middlkh01\
322,Patty Mills,PG,34,BRK,37,1,484,73,177,0.412,42,114,0.368,31,63,0.492,0.531,19,21,0.905,7,28,35,48,13,2,22,27,207,millspa02\
323,Shake Milton,SG,26,PHI,61,9,1244,200,406,0.493,47,120,0.392,153,286,0.535,0.55,78,93,0.839,28,125,153,172,19,9,75,94,525,miltosh01\
324,Josh Minott,SF,20,MIN,12,0,74,14,28,0.5,1,5,0.2,13,23,0.565,0.518,6,6,1,5,17,22,3,3,6,0,7,35,minotjo01\
325,Davion Mitchell,PG,24,SAC,63,7,1141,145,313,0.463,51,150,0.34,94,163,0.577,0.545,20,25,0.8,13,68,81,141,32,13,50,91,361,mitchda01\
326,Donovan Mitchell,SG,26,CLE,56,56,1990,542,1133,0.478,204,528,0.386,338,605,0.559,0.568,257,293,0.877,54,177,231,266,84,23,149,133,1545,mitchdo01\
327,Evan Mobley,PF,21,CLE,65,65,2227,429,778,0.551,19,89,0.213,410,689,0.595,0.564,166,243,0.683,155,434,589,173,51,90,133,186,1043,mobleev01\
328,Isaiah Mobley,PF,23,CLE,9,0,26,4,8,0.5,1,2,0.5,3,6,0.5,0.563,0,0,,1,10,11,0,1,0,0,2,9,mobleis01\
329,Chima Moneke,SF,27,SAC,2,0,8,1,2,0.5,0,0,,1,2,0.5,0.5,0,2,0,2,0,2,1,0,0,2,2,2,monekch01\
330,Malik Monk,SG,24,SAC,61,0,1371,287,635,0.452,103,306,0.337,184,329,0.559,0.533,151,168,0.899,29,126,155,235,36,13,122,98,828,monkma01\
331,Moses Moody,SG,20,GSW,50,3,668,80,184,0.435,39,116,0.336,41,68,0.603,0.541,32,44,0.727,22,56,78,42,16,5,30,38,231,moodymo01\
332,Wendell Moore Jr.,SG,21,MIN,25,2,144,16,39,0.41,2,17,0.118,14,22,0.636,0.436,4,5,0.8,2,14,16,17,7,5,8,13,38,moorewe01\
333,Ja Morant,PG,23,MEM,53,53,1721,507,1094,0.463,85,269,0.316,422,825,0.512,0.502,337,453,0.744,60,257,317,434,59,13,180,88,1436,moranja01\
334,Marcus Morris,PF,33,LAC,57,57,1624,252,588,0.429,106,285,0.372,146,303,0.482,0.519,66,84,0.786,25,208,233,103,37,21,51,122,676,morrima03\
335,Markieff Morris,PF,33,TOT,30,1,301,35,86,0.407,22,53,0.415,13,33,0.394,0.535,10,10,1,13,48,61,26,9,5,15,38,102,morrima02\
335,Markieff Morris,PF,33,BRK,27,1,285,33,82,0.402,20,49,0.408,13,33,0.394,0.524,10,10,1,13,46,59,25,8,5,14,33,96,morrima02\
335,Markieff Morris,PF,33,DAL,3,0,16,2,4,0.5,2,4,0.5,0,0,,0.75,0,0,,0,2,2,1,1,0,1,5,6,morrima02\
336,Monte Morris,PG,27,WAS,51,51,1433,203,420,0.483,69,170,0.406,134,250,0.536,0.565,54,67,0.806,20,153,173,269,37,8,50,71,529,morrimo01\
337,Trey Murphy III,SF,22,NOP,62,48,1821,273,578,0.472,136,352,0.386,137,226,0.606,0.59,110,121,0.909,49,175,224,85,64,31,49,122,792,murphtr02\
338,Dejounte Murray,SG,26,ATL,60,60,2182,509,1084,0.47,123,338,0.364,386,746,0.517,0.526,121,144,0.84,42,283,325,362,90,18,133,85,1262,murrade01\
339,Jamal Murray,PG,25,DEN,51,51,1665,377,823,0.458,130,330,0.394,247,493,0.501,0.537,149,181,0.823,40,165,205,306,54,9,107,71,1033,murraja01\
340,Keegan Murray,SF,22,SAC,62,60,1850,266,595,0.447,153,374,0.409,113,221,0.511,0.576,53,66,0.803,71,214,285,72,49,32,50,116,738,murrake02\
341,Mike Muscala,C,31,TOT,51,7,772,108,248,0.435,68,177,0.384,40,71,0.563,0.573,32,41,0.78,27,136,163,40,15,22,19,85,316,muscami01\
341,Mike Muscala,C,31,OKC,43,5,622,89,203,0.438,56,142,0.394,33,61,0.541,0.576,31,39,0.795,23,112,135,38,11,19,14,70,265,muscami01\
341,Mike Muscala,C,31,BOS,8,2,150,19,45,0.422,12,35,0.343,7,10,0.7,0.556,1,2,0.5,4,24,28,2,4,3,5,15,51,muscami01\
342,Svi Mykhailiuk,SF,25,TOT,17,0,97,13,30,0.433,9,19,0.474,4,11,0.364,0.583,4,8,0.5,1,9,10,4,1,0,4,4,39,mykhasv01\
342,Svi Mykhailiuk,SF,25,NYK,13,0,40,6,12,0.5,6,10,0.6,0,2,0,0.75,3,5,0.6,0,7,7,1,1,0,2,1,21,mykhasv01\
342,Svi Mykhailiuk,SF,25,CHO,4,0,57,7,18,0.389,3,9,0.333,4,9,0.444,0.472,1,3,0.333,1,2,3,3,0,0,2,3,18,mykhasv01\
343,Larry Nance Jr.,PF,30,NOP,50,1,1113,162,263,0.616,13,38,0.342,149,225,0.662,0.641,48,71,0.676,90,205,295,95,44,34,37,106,385,nancela02\
344,Andrew Nembhard,SG,23,IND,59,47,1574,183,442,0.414,68,207,0.329,115,235,0.489,0.491,30,36,0.833,28,130,158,233,58,12,93,145,464,nembhan01\
345,Aaron Nesmith,SF,23,IND,57,45,1390,188,451,0.417,83,238,0.349,105,213,0.493,0.509,89,103,0.864,46,165,211,68,43,24,53,193,548,nesmiaa01\
346,Raul Neto,PG,30,CLE,42,1,427,46,90,0.511,12,37,0.324,34,53,0.642,0.578,23,25,0.92,7,33,40,58,16,3,14,37,127,netora01\
347,Georges Niang,PF,29,PHI,62,0,1195,182,407,0.447,128,314,0.408,54,93,0.581,0.604,29,34,0.853,17,134,151,67,24,11,43,118,521,niangge01\
348,Daishen Nix,PG,20,HOU,46,6,748,70,192,0.365,36,116,0.31,34,76,0.447,0.458,23,34,0.676,13,65,78,118,29,6,66,47,199,nixda01\
349,Zeke Nnaji,PF,22,DEN,44,5,584,87,152,0.572,13,45,0.289,74,107,0.692,0.615,36,54,0.667,56,46,102,11,15,19,20,81,223,nnajize01\
350,Nerlens Noel,C,28,TOT,15,3,170,13,31,0.419,1,2,0.5,12,29,0.414,0.435,7,10,0.7,7,33,40,7,14,9,11,30,34,noelne01\
350,Nerlens Noel,C,28,DET,14,3,152,12,30,0.4,1,2,0.5,11,28,0.393,0.417,7,10,0.7,7,30,37,7,13,9,8,25,32,noelne01\
350,Nerlens Noel,C,28,BRK,1,0,18,1,1,1,0,0,,1,1,1,1,0,0,,0,3,3,0,1,0,3,5,2,noelne01\
351,Jaylen Nowell,SG,23,MIN,62,2,1207,267,599,0.446,66,225,0.293,201,374,0.537,0.501,76,97,0.784,34,130,164,126,39,4,62,93,676,nowelja01\
352,Frank Ntilikina,PG,24,DAL,40,3,475,34,99,0.343,11,53,0.208,23,46,0.5,0.399,16,24,0.667,6,45,51,46,10,4,25,51,95,ntilila01\
353,Kendrick Nunn,SG-PG,27,TOT,57,2,797,148,354,0.418,58,173,0.335,90,181,0.497,0.5,26,31,0.839,12,74,86,68,20,3,50,51,380,nunnke01\
353,Kendrick Nunn,SG,27,LAL,39,2,528,102,251,0.406,41,126,0.325,61,125,0.488,0.488,17,21,0.81,5,50,55,34,11,3,31,35,262,nunnke01\
353,Kendrick Nunn,PG,27,WAS,18,0,269,46,103,0.447,17,47,0.362,29,56,0.518,0.529,9,10,0.9,7,24,31,34,9,0,19,16,118,nunnke01\
354,Jusuf Nurki\uc0\u263 ,C,28,POR,45,45,1227,232,443,0.524,39,100,0.39,193,343,0.563,0.568,116,169,0.686,103,322,425,130,39,39,110,162,619,nurkiju01\
355,Jordan Nwora,SF,24,TOT,46,5,759,109,267,0.408,51,132,0.386,58,135,0.43,0.504,43,53,0.811,34,112,146,55,17,8,39,43,312,nworajo01\
355,Jordan Nwora,SF,24,MIL,38,3,597,76,197,0.386,40,102,0.392,36,95,0.379,0.487,37,43,0.86,29,88,117,38,12,7,34,34,229,nworajo01\
355,Jordan Nwora,SF,24,IND,8,2,162,33,70,0.471,11,30,0.367,22,40,0.55,0.55,6,10,0.6,5,24,29,17,5,1,5,9,83,nworajo01\
356,Royce O'Neale,SF,29,BRK,62,52,2018,189,487,0.388,133,340,0.391,56,147,0.381,0.525,39,53,0.736,44,257,301,233,52,42,92,191,550,onealro01\
357,Chuma Okeke,SF,24,ORL,21,7,410,34,92,0.37,20,64,0.313,14,28,0.5,0.478,16,21,0.762,21,57,78,26,12,9,10,34,104,okekech01\
358,Josh Okogie,SG,24,PHO,55,9,900,121,294,0.412,45,136,0.331,76,158,0.481,0.488,92,127,0.724,83,99,182,65,42,23,50,82,379,okogijo01\
359,Onyeka Okongwu,C,22,ATL,63,17,1491,241,383,0.629,2,6,0.333,239,377,0.634,0.632,101,133,0.759,162,289,451,63,44,78,64,207,585,okongon01\
360,Isaac Okoro,SF,22,CLE,67,37,1416,151,310,0.487,51,150,0.34,100,160,0.625,0.569,72,96,0.75,44,125,169,75,47,28,38,131,425,okorois01\
361,KZ Okpala,PF,23,SAC,35,3,248,16,38,0.421,7,21,0.333,9,17,0.529,0.513,7,8,0.875,7,27,34,13,7,7,7,39,46,okpalkz01\
362,Victor Oladipo,SG,30,MIA,33,1,900,123,312,0.394,48,154,0.312,75,158,0.475,0.471,51,67,0.761,13,94,107,116,46,9,64,82,345,oladivi01\
363,Kelly Olynyk,C,31,UTA,54,54,1524,212,431,0.492,75,189,0.397,137,242,0.566,0.579,154,184,0.837,68,232,300,175,51,32,123,194,653,olynyke01\
364,Eugene Omoruyi,SF,25,TOT,26,2,310,50,109,0.459,9,35,0.257,41,74,0.554,0.5,25,37,0.676,27,32,59,12,15,0,18,50,134,omorueu01\
364,Eugene Omoruyi,SF,25,OKC,23,2,272,44,94,0.468,8,31,0.258,36,63,0.571,0.511,17,28,0.607,22,30,52,11,14,0,16,46,113,omorueu01\
364,Eugene Omoruyi,SF,25,DET,3,0,38,6,15,0.4,1,4,0.25,5,11,0.455,0.433,8,9,0.889,5,2,7,1,1,0,2,4,21,omorueu01\
365,Cedi Osman,SF,27,CLE,63,0,1303,199,441,0.451,88,252,0.349,111,189,0.587,0.551,58,88,0.659,18,123,141,96,31,8,44,98,544,osmande01\
366,Kelly Oubre Jr.,SF,27,CHO,42,34,1364,310,727,0.426,94,300,0.313,216,427,0.506,0.491,132,174,0.759,59,167,226,47,60,16,55,128,846,oubreke01\
367,Chris Paul,PG,37,PHO,44,44,1414,207,487,0.425,69,187,0.369,138,300,0.46,0.496,108,133,0.812,16,170,186,394,68,18,90,95,591,paulch01\
368,Cameron Payne,PG,28,PHO,33,14,742,140,342,0.409,54,145,0.372,86,197,0.437,0.488,39,53,0.736,10,66,76,158,26,6,66,67,373,payneca01\
369,Gary Payton II,PG,30,POR,15,1,255,24,41,0.585,9,17,0.529,15,24,0.625,0.695,4,4,1,10,29,39,22,16,1,12,29,61,paytoga02\
370,Theo Pinson,SG,27,DAL,34,0,238,20,59,0.339,15,42,0.357,5,17,0.294,0.466,9,11,0.818,8,31,39,29,4,1,9,24,64,pinsoth01\
371,Scotty Pippen Jr.,PG,22,LAL,6,0,32,4,12,0.333,1,3,0.333,3,9,0.333,0.375,5,9,0.556,2,2,4,2,2,1,2,3,14,pippesc02\
372,Mason Plumlee,C,32,TOT,64,60,1775,291,428,0.68,0,0,,291,428,0.68,0.68,179,286,0.626,202,416,618,223,39,39,101,183,761,plumlma01\
372,Mason Plumlee,C,32,CHO,56,56,1597,265,396,0.669,0,0,,265,396,0.669,0.669,155,256,0.605,187,354,541,205,35,35,87,161,685,plumlma01\
372,Mason Plumlee,C,32,LAC,8,4,178,26,32,0.813,0,0,,26,32,0.813,0.813,24,30,0.8,15,62,77,18,4,4,14,22,76,plumlma01\
373,Jakob Poeltl,C,27,TOT,56,55,1476,305,476,0.641,0,1,0,305,475,0.642,0.641,100,168,0.595,182,323,505,165,54,69,107,150,710,poeltja01\
373,Jakob Poeltl,C,27,SAS,46,46,1199,239,388,0.616,0,1,0,239,387,0.618,0.616,78,129,0.605,152,264,416,141,36,52,96,118,556,poeltja01\
373,Jakob Poeltl,C,27,TOR,10,9,277,66,88,0.75,0,0,,66,88,0.75,0.75,22,39,0.564,30,59,89,24,18,17,11,32,154,poeltja01\
374,Aleksej Pokusevski,PF,21,OKC,31,25,677,107,243,0.44,38,101,0.376,69,142,0.486,0.519,21,33,0.636,45,112,157,62,20,41,41,57,273,pokusal01\
375,Jordan Poole,PG,23,GSW,66,41,2031,455,1065,0.427,172,529,0.325,283,536,0.528,0.508,281,324,0.867,28,159,187,302,54,16,211,175,1363,poolejo01\
376,Kevin Porter Jr.,PG,22,HOU,44,44,1475,285,658,0.433,95,272,0.349,190,386,0.492,0.505,151,197,0.766,61,180,241,252,55,16,152,119,816,porteke02\
377,Michael Porter Jr.,SF,24,DEN,48,48,1405,304,624,0.487,143,347,0.412,161,277,0.581,0.602,78,97,0.804,46,216,262,47,32,23,54,104,829,portemi01\
378,Otto Porter Jr.,SF,29,TOR,8,2,146,15,30,0.5,6,17,0.353,9,13,0.692,0.6,8,8,1,6,13,19,8,11,0,4,7,44,porteot01\
379,Bobby Portis,PF,27,MIL,54,16,1400,306,616,0.497,62,186,0.333,244,430,0.567,0.547,66,80,0.825,127,396,523,91,24,12,66,91,740,portibo01\
380,Kristaps Porzi\uc0\u326 \u291 is,C,27,WAS,55,55,1806,413,844,0.489,113,300,0.377,300,544,0.551,0.556,318,375,0.848,107,366,473,143,47,84,121,171,1257,porzikr01\
381,Micah Potter,PF,24,UTA,3,0,14,2,2,1,0,0,,2,2,1,1,0,0,,1,2,3,2,0,0,0,2,4,pottemi01\
382,Dwight Powell,C,31,DAL,61,49,1214,156,216,0.722,0,3,0,156,213,0.732,0.722,98,141,0.695,123,140,263,51,44,24,56,174,410,poweldw01\
383,Norman Powell,SG,29,LAC,54,7,1392,299,630,0.475,109,266,0.41,190,364,0.522,0.561,192,239,0.803,20,138,158,95,42,17,89,107,899,powelno01\
384,Jason Preston,PG,23,LAC,13,0,122,18,41,0.439,5,18,0.278,13,23,0.565,0.5,0,2,0,2,20,22,27,2,0,10,7,41,prestja01\
385,Joshua Primo,SG,20,SAS,4,0,93,9,26,0.346,3,12,0.25,6,14,0.429,0.404,7,9,0.778,2,11,13,18,1,2,11,8,28,primojo01\
386,Taurean Prince,SF,28,MIN,41,2,874,132,273,0.484,54,141,0.383,78,132,0.591,0.582,40,48,0.833,13,85,98,68,22,15,51,94,358,princta02\
387,Payton Pritchard,PG,25,BOS,45,2,563,80,205,0.39,42,127,0.331,38,78,0.487,0.493,11,15,0.733,22,46,68,47,14,1,31,35,213,pritcpa01\
388,Trevelin Queen,SG,25,IND,7,0,70,7,29,0.241,2,15,0.133,5,14,0.357,0.276,5,5,1,8,9,17,6,2,5,7,4,21,queentr01\
389,Neemias Queta,C,23,SAC,4,0,25,6,8,0.75,0,0,,6,8,0.75,0.75,0,2,0,4,5,9,1,0,1,1,7,12,quetane01\
390,Immanuel Quickley,PG,23,NYK,66,12,1858,313,700,0.447,125,343,0.364,188,357,0.527,0.536,136,166,0.819,45,222,267,209,58,12,74,135,887,quickim01\
391,Julius Randle,PF,28,NYK,67,67,2409,576,1238,0.465,195,553,0.353,381,685,0.556,0.544,346,457,0.757,135,561,696,277,43,19,190,202,1693,randlju01\
392,Austin Reaves,SG,24,LAL,48,12,1323,169,335,0.504,62,159,0.39,107,176,0.608,0.597,130,150,0.867,26,112,138,125,27,17,65,79,530,reaveau01\
393,Cam Reddish,SF,23,TOT,30,17,737,110,242,0.455,41,117,0.35,69,125,0.552,0.539,49,56,0.875,14,48,62,49,29,11,31,55,310,reddica01\
393,Cam Reddish,SF,23,NYK,20,8,438,61,136,0.449,17,56,0.304,44,80,0.55,0.511,29,33,0.879,7,24,31,20,15,8,15,32,168,reddica01\
393,Cam Reddish,SF,23,POR,10,9,299,49,106,0.462,24,61,0.393,25,45,0.556,0.575,20,23,0.87,7,24,31,29,14,3,16,23,142,reddica01\
394,Davon Reed,SG,27,TOT,39,1,334,27,83,0.325,17,46,0.37,10,37,0.27,0.428,16,24,0.667,10,48,58,21,14,4,20,38,87,reedda01\
394,Davon Reed,SG,27,DEN,35,1,315,25,80,0.313,16,44,0.364,9,36,0.25,0.413,15,20,0.75,9,46,55,19,13,4,20,36,81,reedda01\
394,Davon Reed,SG,27,LAL,4,0,19,2,3,0.667,1,2,0.5,1,1,1,0.833,1,4,0.25,1,2,3,2,1,0,0,2,6,reedda01\
395,Paul Reed,C,23,PHI,52,0,525,77,133,0.579,0,4,0,77,129,0.597,0.579,22,29,0.759,66,105,171,17,33,37,30,96,176,reedpa01\
396,Naz Reid,C,23,MIN,59,11,1067,252,474,0.532,63,187,0.337,189,287,0.659,0.598,66,101,0.653,68,222,290,67,38,49,78,153,633,reidna01\
397,Jared Rhoden,SG,23,DET,4,0,33,4,9,0.444,0,2,0,4,7,0.571,0.444,0,0,,5,3,8,0,0,0,0,4,8,rhodeja01\
398,Nick Richards,C,25,CHO,52,0,901,147,242,0.607,0,0,,147,242,0.607,0.607,105,141,0.745,119,175,294,23,9,51,44,118,399,richani01\
399,Josh Richardson,SG,29,TOT,48,10,1159,198,448,0.442,81,230,0.352,117,218,0.537,0.532,62,72,0.861,31,102,133,151,56,14,71,91,539,richajo01\
399,Josh Richardson,SG,29,SAS,42,6,997,177,406,0.436,74,207,0.357,103,199,0.518,0.527,53,60,0.883,30,89,119,137,40,11,63,70,481,richajo01\
399,Josh Richardson,SG,29,NOP,6,4,162,21,42,0.5,7,23,0.304,14,19,0.737,0.583,9,12,0.75,1,13,14,14,16,3,8,21,58,richajo01\
400,Austin Rivers,SG,30,MIN,50,10,1005,91,207,0.44,43,122,0.352,48,85,0.565,0.543,30,39,0.769,5,77,82,74,28,4,23,80,255,riverau01\
401,Duncan Robinson,SF,28,MIA,33,0,572,72,194,0.371,53,158,0.335,19,36,0.528,0.508,23,25,0.92,8,52,60,39,12,0,21,63,220,robindu01\
402,Mitchell Robinson,C,24,NYK,45,44,1243,152,214,0.71,0,0,,152,214,0.71,0.71,44,92,0.478,189,224,413,38,42,75,27,132,348,robinmi01\
403,Orlando Robinson,C,22,MIA,29,1,397,46,86,0.535,0,5,0,46,81,0.568,0.535,21,29,0.724,44,74,118,21,12,12,15,52,113,robinor01\
404,Jeremiah Robinson-Earl,PF,22,OKC,33,19,661,92,204,0.451,31,94,0.33,61,110,0.555,0.527,29,36,0.806,60,87,147,32,21,11,17,57,244,robinje02\
405,Isaiah Roby,PF,24,SAS,42,2,474,67,155,0.432,18,60,0.3,49,95,0.516,0.49,20,41,0.488,21,86,107,38,18,7,31,53,172,robyis01\
406,David Roddy,PF,21,MEM,52,2,873,120,286,0.42,41,144,0.285,79,142,0.556,0.491,32,50,0.64,31,100,131,34,25,12,45,77,313,roddyda01\
407,Ryan Rollins,PG,20,GSW,12,0,62,7,20,0.35,3,9,0.333,4,11,0.364,0.425,6,6,1,3,9,12,6,1,1,16,10,23,rolliry01\
408,Derrick Rose,PG,34,NYK,27,0,338,61,159,0.384,19,63,0.302,42,96,0.438,0.443,11,12,0.917,8,32,40,46,7,5,22,18,152,rosede01\
409,Terrence Ross,SG,31,TOT,46,9,1022,142,329,0.432,66,178,0.371,76,151,0.503,0.532,16,22,0.727,12,86,98,61,26,8,37,64,366,rosste01\
409,Terrence Ross,SG,31,ORL,42,9,944,129,299,0.431,61,160,0.381,68,139,0.489,0.533,15,20,0.75,10,75,85,54,25,8,37,53,334,rosste01\
409,Terrence Ross,SG,31,PHO,4,0,78,13,30,0.433,5,18,0.278,8,12,0.667,0.517,1,2,0.5,2,11,13,7,1,0,0,11,32,rosste01\
410,Terry Rozier,SG,28,CHO,56,56,2001,439,1063,0.413,151,454,0.333,288,609,0.473,0.484,166,203,0.818,48,185,233,272,60,13,120,103,1195,roziete01\
411,Ricky Rubio,PG,32,CLE,19,0,301,31,95,0.326,15,52,0.288,16,43,0.372,0.405,16,22,0.727,6,38,44,61,20,4,16,26,93,rubiori01\
412,D'Angelo Russell,PG,26,TOT,58,58,1877,357,770,0.464,154,396,0.389,203,374,0.543,0.564,153,180,0.85,30,149,179,354,61,21,153,122,1021,russeda01\
412,D'Angelo Russell,PG,26,MIN,54,54,1778,338,727,0.465,148,379,0.391,190,348,0.546,0.567,143,167,0.856,28,137,165,334,60,21,147,117,967,russeda01\
412,D'Angelo Russell,PG,26,LAL,4,4,99,19,43,0.442,6,17,0.353,13,26,0.5,0.512,10,13,0.769,2,12,14,20,1,0,6,5,54,russeda01\
413,Matt Ryan,SF,25,TOT,32,0,303,40,107,0.374,32,83,0.386,8,24,0.333,0.523,10,12,0.833,4,21,25,15,5,1,7,27,122,ryanma01\
413,Matt Ryan,SF,25,LAL,12,0,129,15,49,0.306,13,35,0.371,2,14,0.143,0.439,4,5,0.8,2,12,14,4,2,0,3,14,47,ryanma01\
413,Matt Ryan,SF,25,MIN,20,0,174,25,58,0.431,19,48,0.396,6,10,0.6,0.595,6,7,0.857,2,9,11,11,3,1,4,13,75,ryanma01\
414,Domantas Sabonis,C,26,SAC,62,62,2137,445,723,0.615,26,71,0.366,419,652,0.643,0.633,258,337,0.766,188,577,765,433,52,29,185,229,1174,sabondo01\
415,Dario \'8aari\uc0\u263 ,PF,28,TOT,46,12,667,108,229,0.472,38,93,0.409,70,136,0.515,0.555,52,62,0.839,45,130,175,64,15,5,47,86,306,saricda01\
415,Dario \'8aari\uc0\u263 ,PF,28,PHO,37,12,533,76,178,0.427,27,69,0.391,49,109,0.45,0.503,36,44,0.818,39,103,142,57,13,5,36,69,215,saricda01\
415,Dario \'8aari\uc0\u263 ,PF,28,OKC,9,0,134,32,51,0.627,11,24,0.458,21,27,0.778,0.735,16,18,0.889,6,27,33,7,2,0,11,17,91,saricda01\
416,Olivier Sarr,C,23,OKC,1,0,11,1,4,0.25,0,2,0,1,2,0.5,0.25,0,0,,2,1,3,0,0,0,0,2,2,sarrol01\
417,Jordan Schakel,SF,24,WAS,2,0,6,1,2,0.5,1,1,1,0,1,0,0.75,0,0,,0,0,0,1,1,0,0,1,3,schakjo01\
418,Admiral Schofield,PF,25,ORL,31,0,368,46,95,0.484,20,57,0.351,26,38,0.684,0.589,17,19,0.895,19,33,52,25,6,3,6,54,129,schofad01\
419,Dennis Schr\'f6der,PG,29,LAL,52,47,1612,214,517,0.414,60,182,0.33,154,335,0.46,0.472,168,192,0.875,13,120,133,246,38,7,86,120,656,schrode01\
420,Dereon Seabron,SG,22,NOP,5,0,12,2,5,0.4,0,0,,2,5,0.4,0.4,0,0,,1,0,1,0,0,0,0,1,4,seabrde01\
421,Alperen \uc0\u350 eng\'fcn,C,20,HOU,60,57,1695,350,630,0.556,14,44,0.318,336,586,0.573,0.567,175,237,0.738,193,336,529,229,50,54,152,201,889,sengual01\
422,Collin Sexton,SG,24,UTA,47,15,1129,230,454,0.507,48,117,0.41,182,337,0.54,0.559,162,197,0.822,37,67,104,135,27,6,84,109,670,sextoco01\
423,Landry Shamet,SG,25,PHO,30,7,642,92,242,0.38,61,162,0.377,31,80,0.388,0.506,41,45,0.911,8,43,51,67,18,5,29,46,286,shamela01\
424,Day'Ron Sharpe,C,21,BRK,35,2,372,58,109,0.532,5,8,0.625,53,101,0.525,0.555,16,27,0.593,58,75,133,27,6,20,33,71,137,sharpda01\
425,Shaedon Sharpe,SG,19,POR,64,5,1307,202,430,0.47,62,183,0.339,140,247,0.567,0.542,36,52,0.692,49,115,164,45,24,18,48,102,502,sharpsh01\
426,Pascal Siakam,C,28,TOR,56,56,2099,498,1048,0.475,78,228,0.342,420,820,0.512,0.512,310,401,0.773,104,324,428,336,48,31,143,185,1384,siakapa01\
427,Chris Silva,PF,26,DAL,1,0,3,1,1,1,0,0,,1,1,1,1,0,0,,0,0,0,0,0,0,1,2,2,silvach01\
428,Ben Simmons,PG,26,BRK,42,33,1105,133,235,0.566,0,2,0,133,233,0.571,0.566,25,57,0.439,40,223,263,256,54,24,97,139,291,simmobe01\
429,Marko Simonovic,C,23,CHI,3,0,5,0,1,0,0,1,0,0,0,,0,0,0,,0,0,0,0,0,0,0,1,0,simonma01\
430,Anfernee Simons,SG,23,POR,57,57,2010,429,958,0.448,196,518,0.378,233,440,0.53,0.55,146,160,0.913,16,137,153,236,40,13,122,133,1200,simonan01\
431,Jericho Sims,C,24,NYK,49,16,774,80,104,0.769,0,1,0,80,103,0.777,0.769,12,16,0.75,93,139,232,24,15,28,26,92,172,simsje01\
432,Marcus Smart,PG,28,BOS,49,49,1597,199,482,0.413,89,269,0.331,110,213,0.516,0.505,74,95,0.779,37,131,168,327,72,20,119,132,561,smartma01\
433,Dennis Smith Jr.,PG,25,CHO,45,12,1135,151,362,0.417,19,90,0.211,132,272,0.485,0.443,64,86,0.744,20,110,130,205,62,20,65,98,385,smithde03\
434,Dru Smith,SG,25,TOT,9,1,101,11,26,0.423,3,12,0.25,8,14,0.571,0.481,0,0,,1,14,15,10,9,3,2,13,25,smithdr01\
434,Dru Smith,SG,25,MIA,5,1,67,5,14,0.357,1,6,0.167,4,8,0.5,0.393,0,0,,1,8,9,5,4,3,1,10,11,smithdr01\
434,Dru Smith,SG,25,BRK,4,0,34,6,12,0.5,2,6,0.333,4,6,0.667,0.583,0,0,,0,6,6,5,5,0,1,3,14,smithdr01\
435,Ish Smith,PG,34,DEN,32,0,317,43,100,0.43,2,6,0.333,41,94,0.436,0.44,1,2,0.5,4,40,44,75,6,6,37,27,89,smithis01\
436,Jabari Smith Jr.,PF,19,HOU,62,62,1857,259,666,0.389,94,318,0.296,165,348,0.474,0.459,120,152,0.789,83,347,430,74,30,57,88,179,732,smithja05\
437,Jalen Smith,PF,22,IND,54,28,985,185,397,0.466,45,159,0.283,140,238,0.588,0.523,80,104,0.769,95,208,303,49,17,47,60,115,495,smithja04\
438,Jeremy Sochan,PF,19,SAS,52,49,1362,223,502,0.444,29,119,0.244,194,383,0.507,0.473,75,107,0.701,91,176,267,133,40,23,88,129,550,sochaje01\
439,Jaden Springer,SG,20,PHI,7,0,26,7,12,0.583,0,0,,7,12,0.583,0.583,3,4,0.75,4,3,7,1,2,2,1,7,17,sprinja01\
440,Lamar Stevens,PF,25,CLE,47,18,823,98,212,0.462,21,69,0.304,77,143,0.538,0.512,29,41,0.707,34,114,148,28,19,14,23,57,246,stevela01\
441,Isaiah Stewart,C,21,DET,50,47,1414,195,441,0.442,67,205,0.327,128,236,0.542,0.518,110,149,0.738,115,288,403,70,20,34,68,133,567,stewais01\
442,Max Strus,SF,26,MIA,64,28,1881,269,667,0.403,157,467,0.336,112,200,0.56,0.521,71,81,0.877,45,177,222,139,38,10,61,137,766,strusma01\
443,Jalen Suggs,PG,21,ORL,41,16,967,138,333,0.414,45,147,0.306,93,186,0.5,0.482,64,90,0.711,41,79,120,130,51,19,76,98,385,suggsja01\
444,Edmond Sumner,SG,27,BRK,46,12,669,113,246,0.459,28,81,0.346,85,165,0.515,0.516,88,95,0.926,11,61,72,66,30,9,44,76,342,sumneed01\
445,Cole Swider,SF,23,LAL,6,0,40,3,9,0.333,3,8,0.375,0,1,0,0.5,0,0,,1,6,7,4,0,0,0,3,9,swideco01\
446,Jae'Sean Tate,SF,27,HOU,25,7,537,87,181,0.481,11,36,0.306,76,145,0.524,0.511,38,53,0.717,36,56,92,60,16,5,37,82,223,tateja01\
447,Jayson Tatum,PF,24,BOS,61,61,2289,604,1312,0.46,200,571,0.35,404,741,0.545,0.537,443,514,0.862,70,470,540,291,61,47,181,128,1851,tatumja01\
448,Terry Taylor,PF,23,TOT,28,2,234,32,67,0.478,4,18,0.222,28,49,0.571,0.507,5,7,0.714,22,17,39,10,3,5,9,25,73,taylote01\
448,Terry Taylor,PF,23,IND,26,2,228,30,65,0.462,4,18,0.222,26,47,0.553,0.492,5,7,0.714,22,17,39,10,3,5,9,24,69,taylote01\
448,Terry Taylor,PF,23,CHI,2,0,6,2,2,1,0,0,,2,2,1,1,0,0,,0,0,0,0,0,0,0,1,4,taylote01\
449,Garrett Temple,SG,36,NOP,19,0,133,15,37,0.405,9,21,0.429,6,16,0.375,0.527,3,4,0.75,2,10,12,10,9,1,3,14,42,templga01\
450,Dalen Terry,SG,20,CHI,26,0,128,18,40,0.45,5,15,0.333,13,25,0.52,0.513,5,10,0.5,7,12,19,15,4,4,6,11,46,terryda01\
451,Daniel Theis,C,30,IND,7,1,109,21,44,0.477,2,11,0.182,19,33,0.576,0.5,5,12,0.417,7,15,22,9,2,6,3,7,49,theisda01\
452,Cam Thomas,SG,21,BRK,47,3,799,167,378,0.442,41,107,0.383,126,271,0.465,0.496,134,157,0.854,7,75,82,73,18,6,49,49,509,thomaca02\
453,Klay Thompson,SG,32,GSW,54,54,1773,429,993,0.432,235,576,0.408,194,417,0.465,0.55,102,114,0.895,35,186,221,136,37,19,96,103,1195,thompkl01\
454,JT Thor,PF,20,CHO,54,4,622,51,143,0.357,17,70,0.243,34,73,0.466,0.416,18,29,0.621,29,67,96,24,16,12,24,44,137,thorjt01\
455,Matisse Thybulle,SG,25,TOT,58,15,875,77,174,0.443,39,103,0.379,38,71,0.535,0.555,10,14,0.714,35,69,104,40,62,25,14,93,203,thybuma01\
455,Matisse Thybulle,SG,25,PHI,49,6,591,50,116,0.431,21,63,0.333,29,53,0.547,0.522,9,12,0.75,20,43,63,23,45,14,8,65,130,thybuma01\
455,Matisse Thybulle,SG,25,POR,9,9,284,27,58,0.466,18,40,0.45,9,18,0.5,0.621,1,2,0.5,15,26,41,17,17,11,6,28,73,thybuma01\
456,Xavier Tillman Sr.,PF,24,MEM,45,14,772,115,198,0.581,4,15,0.267,111,183,0.607,0.591,37,70,0.529,85,120,205,61,39,20,27,67,271,tillmxa01\
457,Isaiah Todd,PF,21,WAS,4,0,13,1,4,0.25,0,3,0,1,1,1,0.25,0,0,,0,0,0,0,0,0,0,0,2,toddis01\
458,Obi Toppin,PF,24,NYK,52,0,758,116,284,0.408,56,169,0.331,60,115,0.522,0.507,27,35,0.771,24,126,150,42,16,9,28,52,315,toppiob01\
459,Juan Toscano-Anderson,SF,29,TOT,37,7,447,38,83,0.458,6,26,0.231,32,57,0.561,0.494,11,15,0.733,16,65,81,32,13,8,21,55,93,toscaju01\
459,Juan Toscano-Anderson,SF,29,LAL,30,7,365,33,66,0.5,4,20,0.2,29,46,0.63,0.53,11,15,0.733,14,47,61,25,10,7,17,46,81,toscaju01\
459,Juan Toscano-Anderson,SF,29,UTA,7,0,82,5,17,0.294,2,6,0.333,3,11,0.273,0.353,0,0,,2,18,20,7,3,1,4,9,12,toscaju01\
460,Karl-Anthony Towns,PF,27,MIN,21,21,709,153,303,0.505,38,117,0.325,115,186,0.618,0.568,92,104,0.885,35,137,172,111,16,14,65,82,436,townska01\
461,Gary Trent Jr.,SG,24,TOR,57,43,1886,367,835,0.44,150,405,0.37,217,430,0.505,0.529,154,184,0.837,24,125,149,92,91,14,52,94,1038,trentga02\
462,P.J. Tucker,PF,37,PHI,62,62,1602,78,183,0.426,45,112,0.402,33,71,0.465,0.549,19,22,0.864,79,166,245,48,30,13,38,152,220,tuckepj01\
463,Myles Turner,C,26,IND,56,56,1662,363,664,0.547,90,232,0.388,273,432,0.632,0.614,189,243,0.778,82,346,428,75,35,130,94,190,1005,turnemy01\
464,Stanley Umude,SG,23,DET,1,0,2,0,1,0,0,1,0,0,0,,0,2,2,1,0,0,0,0,1,1,0,0,2,umudest01\
465,Jonas Valan\uc0\u269 i\u363 nas,C,30,NOP,62,62,1549,352,644,0.547,32,93,0.344,320,551,0.581,0.571,151,184,0.821,174,430,604,105,16,30,118,190,887,valanjo01\
466,Jarred Vanderbilt,PF,23,TOT,62,49,1496,204,369,0.553,21,67,0.313,183,302,0.606,0.581,80,118,0.678,143,348,491,163,67,18,80,154,509,vandeja01\
466,Jarred Vanderbilt,PF,23,UTA,52,41,1254,173,311,0.556,19,57,0.333,154,254,0.606,0.587,67,102,0.657,121,288,409,142,53,15,68,133,432,vandeja01\
466,Jarred Vanderbilt,PF,23,LAL,10,8,242,31,58,0.534,2,10,0.2,29,48,0.604,0.552,13,16,0.813,22,60,82,21,14,3,12,21,77,vandeja01\
467,Fred VanVleet,PG,28,TOR,54,54,1997,342,873,0.392,162,476,0.34,180,397,0.453,0.485,202,225,0.898,27,203,230,372,87,33,102,153,1048,vanvlfr01\
468,Devin Vassell,SG,22,SAS,31,25,958,219,493,0.444,86,218,0.394,133,275,0.484,0.531,70,89,0.787,6,112,118,111,36,12,47,43,594,vassede01\
469,Gabe Vincent,PG,26,MIA,52,18,1373,173,447,0.387,91,283,0.322,82,164,0.5,0.489,57,65,0.877,20,97,117,130,46,4,76,130,494,vincega01\
470,Noah Vonleh,C,27,BOS,23,1,171,11,24,0.458,1,4,0.25,10,20,0.5,0.479,2,2,1,18,30,48,7,2,8,11,35,25,vonleno01\
471,Nikola Vu\uc0\u269 evi\u263 ,C,32,CHI,65,65,2199,470,917,0.513,103,297,0.347,367,620,0.592,0.569,100,123,0.813,130,601,731,214,46,52,112,145,1143,vucevni01\
472,Dean Wade,PF,26,CLE,37,9,752,62,148,0.419,38,105,0.362,24,43,0.558,0.547,15,23,0.652,16,114,130,32,24,17,14,78,177,wadede01\
473,Franz Wagner,SF,21,ORL,65,65,2139,443,909,0.487,110,297,0.37,333,612,0.544,0.548,225,269,0.836,56,195,251,225,58,13,137,148,1221,wagnefr01\
474,Moritz Wagner,C,25,ORL,45,16,941,167,335,0.499,45,144,0.313,122,191,0.639,0.566,126,149,0.846,59,154,213,74,34,10,56,122,505,wagnemo01\
475,Ish Wainright,SF,28,PHO,47,1,708,69,175,0.394,47,131,0.359,22,44,0.5,0.529,21,25,0.84,36,59,95,45,36,15,19,95,206,wainris01\
476,Jabari Walker,SF,20,POR,42,0,373,43,98,0.439,5,26,0.192,38,72,0.528,0.464,21,29,0.724,33,50,83,21,4,9,14,41,112,walkeja01\
477,Kemba Walker,PG,32,DAL,9,1,144,24,57,0.421,7,28,0.25,17,29,0.586,0.482,17,21,0.81,3,13,16,19,2,2,4,11,72,walkeke02\
478,Lonnie Walker IV,SG,24,LAL,49,32,1235,224,501,0.447,85,233,0.365,139,268,0.519,0.532,87,100,0.87,13,90,103,63,27,15,46,68,620,walkelo01\
479,John Wall,PG,32,LAC,34,3,755,138,338,0.408,33,109,0.303,105,229,0.459,0.457,77,113,0.681,14,78,92,178,27,12,80,59,386,walljo01\
480,T.J. Warren,PF-SF,29,TOT,30,0,521,106,211,0.502,17,50,0.34,89,161,0.553,0.543,27,33,0.818,16,65,81,29,17,8,18,47,256,warretj01\
480,T.J. Warren,PF,29,BRK,26,0,490,102,200,0.51,16,48,0.333,86,152,0.566,0.55,27,33,0.818,13,59,72,29,15,7,17,45,247,warretj01\
480,T.J. Warren,SF,29,PHO,4,0,31,4,11,0.364,1,2,0.5,3,9,0.333,0.409,0,0,,3,6,9,0,2,1,1,2,9,warretj01\
481,Duane Washington Jr.,SG,22,PHO,31,3,394,94,256,0.367,40,111,0.36,54,145,0.372,0.445,16,24,0.667,2,34,36,63,6,4,34,23,244,washidu02\
482,P.J. Washington,PF,24,CHO,62,62,2041,354,801,0.442,125,357,0.35,229,444,0.516,0.52,105,141,0.745,63,237,300,149,55,69,89,167,938,washipj01\
483,TyTy Washington Jr.,PG,21,HOU,29,2,401,55,153,0.359,17,76,0.224,38,77,0.494,0.415,10,16,0.625,2,39,41,47,13,2,14,27,137,washity02\
484,Yuta Watanabe,SF,28,BRK,45,0,786,101,196,0.515,53,111,0.477,48,85,0.565,0.651,29,39,0.744,26,85,111,38,20,15,17,65,284,watanyu01\
485,Lindy Waters III,SG,25,OKC,28,0,304,40,100,0.4,35,93,0.376,5,7,0.714,0.575,9,12,0.75,7,38,45,19,10,8,6,26,124,waterli01\
486,Trendon Watford,PF,22,POR,49,2,851,111,191,0.581,17,43,0.395,94,148,0.635,0.626,50,70,0.714,32,136,168,93,21,6,57,95,289,watfotr01\
487,Peyton Watson,SG,20,DEN,14,0,44,10,19,0.526,2,4,0.5,8,15,0.533,0.579,0,2,0,3,5,8,1,0,1,2,2,22,watsope01\
488,Blake Wesley,SG,19,SAS,21,1,317,38,101,0.376,13,27,0.481,25,74,0.338,0.441,13,21,0.619,4,35,39,32,10,1,33,40,102,weslebl01\
489,Russell Westbrook,PG,34,TOT,58,9,1681,341,800,0.426,68,231,0.294,273,569,0.48,0.469,169,254,0.665,62,283,345,441,62,25,210,139,919,westbru01\
489,Russell Westbrook,PG,34,LAL,52,3,1491,304,729,0.417,63,213,0.296,241,516,0.467,0.46,156,238,0.655,59,262,321,391,53,23,184,121,827,westbru01\
489,Russell Westbrook,PG,34,LAC,6,6,190,37,71,0.521,5,18,0.278,32,53,0.604,0.556,13,16,0.813,3,21,24,50,9,2,26,18,92,westbru01\
490,Coby White,SG,22,CHI,57,1,1273,180,428,0.421,93,259,0.359,87,169,0.515,0.529,51,60,0.85,11,139,150,123,43,6,48,93,504,whiteco01\
491,Derrick White,SG,28,BOS,66,54,1834,272,601,0.453,114,304,0.375,158,297,0.532,0.547,128,148,0.865,41,180,221,251,45,59,72,148,786,whitede01\
492,Jack White,SF,25,DEN,15,0,47,7,16,0.438,3,8,0.375,4,8,0.5,0.531,2,3,0.667,3,5,8,2,1,2,1,7,19,whiteja03\
493,Joe Wieskamp,SF,23,TOR,3,0,24,3,8,0.375,3,7,0.429,0,1,0,0.563,0,0,,0,2,2,1,0,0,1,1,9,wieskjo01\
494,Aaron Wiggins,SG,24,OKC,53,13,1016,142,281,0.505,37,95,0.389,105,186,0.565,0.571,44,55,0.8,58,110,168,71,29,12,43,87,365,wiggiaa01\
495,Andrew Wiggins,SF,27,GSW,37,37,1190,250,529,0.473,89,225,0.396,161,304,0.53,0.557,44,72,0.611,61,125,186,85,45,28,48,107,633,wiggian01\
496,Lindell Wigginton,PG,24,MIL,1,0,1,0,0,,0,0,,0,0,,,0,0,,0,0,0,0,0,0,0,0,0,wiggili01\
497,Alondes Williams,SG,23,BRK,1,0,5,0,0,,0,0,,0,0,,,0,0,,0,1,1,0,0,0,2,1,0,willial06\
498,Grant Williams,PF,24,BOS,64,21,1746,178,390,0.456,95,233,0.408,83,157,0.529,0.578,86,106,0.811,72,232,304,114,38,25,72,169,537,willigr01\
499,Jalen Williams,SG,21,OKC,60,47,1771,316,607,0.521,58,166,0.349,258,441,0.585,0.568,105,137,0.766,59,194,253,187,81,32,92,155,795,willija06\
500,Jaylin Williams,PF,20,OKC,33,20,581,70,158,0.443,28,68,0.412,42,90,0.467,0.532,20,29,0.69,30,130,160,48,13,8,24,70,188,willija07\
501,Kenrich Williams,PF,28,OKC,53,10,1206,179,346,0.517,50,134,0.373,129,212,0.608,0.59,17,39,0.436,97,164,261,105,45,14,32,112,425,willike04\
502,Mark Williams,C,21,CHO,36,11,644,124,194,0.639,0,0,,124,194,0.639,0.639,54,76,0.711,73,160,233,14,25,40,31,81,302,willima07\
503,Patrick Williams,PF,21,CHI,65,59,1864,249,534,0.466,90,218,0.413,159,316,0.503,0.551,74,86,0.86,63,212,275,84,53,50,83,125,662,willipa01\
504,Robert Williams,C,25,BOS,28,18,678,108,144,0.75,0,1,0,108,143,0.755,0.75,20,32,0.625,87,154,241,43,14,33,25,53,236,williro04\
505,Vince Williams Jr.,SG,22,MEM,11,0,52,4,14,0.286,2,10,0.2,2,4,0.5,0.357,0,0,,2,5,7,3,4,1,1,6,10,willivi01\
506,Ziaire Williams,SF,21,MEM,33,3,507,68,166,0.41,20,84,0.238,48,82,0.585,0.47,13,17,0.765,12,59,71,25,13,5,31,56,169,willizi02\
507,Zion Williamson,PF,22,NOP,29,29,956,285,469,0.608,7,19,0.368,278,450,0.618,0.615,177,248,0.714,58,144,202,133,32,16,99,65,754,willizi01\
508,Justise Winslow,SF,26,POR,29,11,776,81,198,0.409,14,45,0.311,67,153,0.438,0.444,20,28,0.714,49,96,145,98,30,11,43,89,196,winslju01\
509,James Wiseman,C,21,TOT,29,6,467,101,165,0.612,2,8,0.25,99,157,0.631,0.618,36,54,0.667,33,102,135,20,5,15,32,64,240,wisemja01\
509,James Wiseman,C,21,GSW,21,0,262,59,94,0.628,1,2,0.5,58,92,0.63,0.633,26,38,0.684,18,55,73,14,3,7,14,39,145,wisemja01\
509,James Wiseman,C,21,DET,8,6,205,42,71,0.592,1,6,0.167,41,65,0.631,0.599,10,16,0.625,15,47,62,6,2,8,18,25,95,wisemja01\
510,Christian Wood,C,27,DAL,54,17,1446,335,643,0.521,89,242,0.368,246,401,0.613,0.59,169,222,0.761,70,345,415,88,23,61,99,145,928,woodch01\
511,Delon Wright,PG,30,WAS,36,8,867,94,197,0.477,33,86,0.384,61,111,0.55,0.561,35,39,0.897,42,79,121,142,76,13,34,47,256,wrighde01\
512,McKinley Wright IV,PG,24,DAL,20,1,206,23,49,0.469,4,14,0.286,19,35,0.543,0.51,7,11,0.636,6,20,26,37,7,3,12,18,57,wrighmc01\
513,Thaddeus Young,PF,34,TOR,52,9,786,108,196,0.551,6,34,0.176,102,162,0.63,0.566,18,26,0.692,70,94,164,75,54,5,42,86,240,youngth01\
514,Trae Young,PG,24,ATL,58,58,2037,486,1137,0.427,123,379,0.325,363,758,0.479,0.482,450,507,0.888,44,129,173,585,65,9,237,86,1545,youngtr01\
515,Cody Zeller,C,30,MIA,7,0,96,14,22,0.636,0,0,,14,22,0.636,0.636,14,19,0.737,11,8,19,5,1,3,5,17,42,zelleco01\
516,Ivica Zubac,C,25,LAC,61,61,1780,245,396,0.619,0,2,0,245,394,0.622,0.619,130,185,0.703,203,413,616,65,24,81,104,179,620,zubaciv01}
